"N","","n敪","f[^敪","s{R[h","s{","nR[h","n於","l"
2025,7,"s撬","όKҐ",1,"kC",1101,"Dys",582347
2025,7,"s撬","όKҐ",1,"kC",1102,"Dysk",44561
2025,7,"s撬","όKҐ",1,"kC",1103,"Dys",82049
2025,7,"s撬","όKҐ",1,"kC",1104,"Dys΋",35992
2025,7,"s撬","όKҐ",1,"kC",1105,"DysL",70043
2025,7,"s撬","όKҐ",1,"kC",1106,"Dys",117168
2025,7,"s撬","όKҐ",1,"kC",1107,"Dys",72984
2025,7,"s撬","όKҐ",1,"kC",1108,"Dysʋ",24923
2025,7,"s撬","όKҐ",1,"kC",1109,"Dys",16147
2025,7,"s撬","όKҐ",1,"kC",1110,"Dysc",3336
2025,7,"s撬","όKҐ",1,"kC",1202,"َs",196538
2025,7,"s撬","όKҐ",1,"kC",1203,"Ms",152992
2025,7,"s撬","όKҐ",1,"kC",1204,"s",306090
2025,7,"s撬","όKҐ",1,"kC",1205,"s",39722
2025,7,"s撬","όKҐ",1,"kC",1206,"Hs",114755
2025,7,"s撬","όKҐ",1,"kC",1207,"эLs",81716
2025,7,"s撬","όKҐ",1,"kC",1208,"ks",69280
2025,7,"s撬","όKҐ",1,"kC",1209,"[s",37659
2025,7,"s撬","όKҐ",1,"kC",1210,"〈s",89857
2025,7,"s撬","όKҐ",1,"kC",1211,"ԑs",95562
2025,7,"s撬","όKҐ",1,"kC",1212,"Gs",50771
2025,7,"s撬","όKҐ",1,"kC",1213,"Ϗqs",146724
2025,7,"s撬","όKҐ",1,"kC",1214,"ts",57775
2025,7,"s撬","όKҐ",1,"kC",1215,"Ss",6259
2025,7,"s撬","όKҐ",1,"kC",1216,"ʎs",53724
2025,7,"s撬","όKҐ",1,"kC",1217,"]ʎs",34999
2025,7,"s撬","όKҐ",1,"kC",1218,"ԕs",1791
2025,7,"s撬","όKҐ",1,"kC",1219,"ʎs",46554
2025,7,"s撬","όKҐ",1,"kC",1220,"mʎs",4377
2025,7,"s撬","όKҐ",1,"kC",1221,"s",40827
2025,7,"s撬","όKҐ",1,"kC",1222,"O}s",70381
2025,7,"s撬","όKҐ",1,"kC",1223,"s",43353
2025,7,"s撬","όKҐ",1,"kC",1224,"Ύs",133962
2025,7,"s撬","όKҐ",1,"kC",1225,"s",16151
2025,7,"s撬","όKҐ",1,"kC",1226,"s",3329
2025,7,"s撬","όKҐ",1,"kC",1227,"̎us",12705
2025,7,"s撬","όKҐ",1,"kC",1228,"[s",61005
2025,7,"s撬","όKҐ",1,"kC",1229,"xǖs",69449
2025,7,"s撬","όKҐ",1,"kC",1230,"oʎs",27625
2025,7,"s撬","όKҐ",1,"kC",1231,"bs",27255
2025,7,"s撬","όKҐ",1,"kC",1233,"ɒBs",49777
2025,7,"s撬","όKҐ",1,"kC",1234,"kLs",584464
2025,7,"s撬","όKҐ",1,"kC",1235,"Ύs",91094
2025,7,"s撬","όKҐ",1,"kC",1236,"kls",7850
2025,7,"s撬","όKҐ",1,"kC",1303,"ʒ",54783
2025,7,"s撬","όKҐ",1,"kC",1304,"VÑ",39285
2025,7,"s撬","όKҐ",1,"kC",1331,"O",20116
2025,7,"s撬","όKҐ",1,"kC",1332,"",4689
2025,7,"s撬","όKҐ",1,"kC",1333,"m",5604
2025,7,"s撬","όKҐ",1,"kC",1334,"،Ó",15651
2025,7,"s撬","όKҐ",1,"kC",1337,"ђ",58325
2025,7,"s撬","όKҐ",1,"kC",1343,"",7503
2025,7,"s撬","όKҐ",1,"kC",1345,"X",27833
2025,7,"s撬","όKҐ",1,"kC",1346,"_",4350
2025,7,"s撬","όKҐ",1,"kC",1361,"]",10699
2025,7,"s撬","όKҐ",1,"kC",1362,"m",12403
2025,7,"s撬","όKҐ",1,"kC",1363,"򕔒",8514
2025,7,"s撬","όKҐ",1,"kC",1364,"",6297
2025,7,"s撬","όKҐ",1,"kC",1367,"K",1885
2025,7,"s撬","όKҐ",1,"kC",1371,"Ȓ",6129
2025,7,"s撬","όKҐ",1,"kC",1391,"q",5057
2025,7,"s撬","όKҐ",1,"kC",1392,"s",8368
2025,7,"s撬","όKҐ",1,"kC",1393,"",27328
2025,7,"s撬","όKҐ",1,"kC",1394,"z",13895
2025,7,"s撬","όKҐ",1,"kC",1395,"jZR",84697
2025,7,"s撬","όKҐ",1,"kC",1396,"^둺",20287
2025,7,"s撬","όKҐ",1,"kC",1397,"s",70274
2025,7,"s撬","όKҐ",1,"kC",1398,"Εʒ",89703
2025,7,"s撬","όKҐ",1,"kC",1399,"ɒ",51361
2025,7,"s撬","όKҐ",1,"kC",1400,"m",28009
2025,7,"s撬","όKҐ",1,"kC",1402,"",8823
2025,7,"s撬","όKҐ",1,"kC",1403,"",2532
2025,7,"s撬","όKҐ",1,"kC",1404,"_b",18614
2025,7,"s撬","όKҐ",1,"kC",1405,"ϒO",3159
2025,7,"s撬","όKҐ",1,"kC",1407,"mؒ",71749
2025,7,"s撬","όKҐ",1,"kC",1408,"]s",79572
2025,7,"s撬","όKҐ",1,"kC",1409,"Ԉ쑺",26832
2025,7,"s撬","όKҐ",1,"kC",1423,"y",14653
2025,7,"s撬","όKҐ",1,"kC",1424,"ވ]",12447
2025,7,"s撬","όKҐ",1,"kC",1427,"Rm",7797
2025,7,"s撬","όKҐ",1,"kC",1428,"",102488
2025,7,"s撬","όKҐ",1,"kC",1429,"IR",5869
2025,7,"s撬","όKҐ",1,"kC",1430,"`",3884
2025,7,"s撬","όKҐ",1,"kC",1431,"YP",5666
2025,7,"s撬","όKҐ",1,"kC",1432,"V\Ð쒬",8509
2025,7,"s撬","όKҐ",1,"kC",1433,"w",9677
2025,7,"s撬","όKҐ",1,"kC",1434,"ʒ",20532
2025,7,"s撬","όKҐ",1,"kC",1436,"J",35969
2025,7,"s撬","όKҐ",1,"kC",1437,"k",37472
2025,7,"s撬","όKҐ",1,"kC",1438,"c",13510
2025,7,"s撬","όKҐ",1,"kC",1452,"鐲",1599
2025,7,"s撬","όKҐ",1,"kC",1453,"_y",19335
2025,7,"s撬","όKҐ",1,"kC",1454,"",16808
2025,7,"s撬","όKҐ",1,"kC",1455,"z",7846
2025,7,"s撬","όKҐ",1,"kC",1457,"쒬",14820
2025,7,"s撬","όKҐ",1,"kC",1458,"쒬",14825
2025,7,"s撬","όKҐ",1,"kC",1459,"l",125229
2025,7,"s撬","όKҐ",1,"kC",1460,"xǖ쒬",19831
2025,7,"s撬","όKҐ",1,"kC",1461,"xǖ쒬",323706
2025,7,"s撬","όKҐ",1,"kC",1462,"xǖ쒬",41558
2025,7,"s撬","όKҐ",1,"kC",1463,"芥",1564
2025,7,"s撬","όKҐ",1,"kC",1464,"a",2345
2025,7,"s撬","όKҐ",1,"kC",1465,"",176
2025,7,"s撬","όKҐ",1,"kC",1468,"쒬",656
2025,7,"s撬","όKҐ",1,"kC",1469,"[",19223
2025,7,"s撬","όKҐ",1,"kC",1470,"Ўq{",5999
2025,7,"s撬","όKҐ",1,"kC",1471,"쒬",12787
2025,7,"s撬","όKҐ",1,"kC",1472,"y",9631
2025,7,"s撬","όKҐ",1,"kC",1481,"ђ",8477
2025,7,"s撬","όKҐ",1,"kC",1482,"",28780
2025,7,"s撬","όKҐ",1,"kC",1483,"ϑO",24368
2025,7,"s撬","όKҐ",1,"kC",1484,"Hy",17040
2025,7,"s撬","όKҐ",1,"kC",1485,"Rʑ",36028
2025,7,"s撬","όKҐ",1,"kC",1486,"ʒ",39420
2025,7,"s撬","όKҐ",1,"kC",1487,"V",18302
2025,7,"s撬","όKҐ",1,"kC",1512,"lڕʒ",17649
2025,7,"s撬","όKҐ",1,"kC",1513,"ڕʒ",4942
2025,7,"s撬","όKҐ",1,"kC",1514,"}K",12848
2025,7,"s撬","όKҐ",1,"kC",1516,"Lx",9114
2025,7,"s撬","όKҐ",1,"kC",1517,"當",6949
2025,7,"s撬","όKҐ",1,"kC",1518,"K",7926
2025,7,"s撬","όKҐ",1,"kC",1519,"Kxm",601
2025,7,"s撬","όKҐ",1,"kC",1520,"y",1613
2025,7,"s撬","όKҐ",1,"kC",1543,"y",42157
2025,7,"s撬","όKҐ",1,"kC",1544,"Õʒ",15236
2025,7,"s撬","όKҐ",1,"kC",1545,"Η",81418
2025,7,"s撬","όKҐ",1,"kC",1546,"",25431
2025,7,"s撬","όKҐ",1,"kC",1547,"",12686
2025,7,"s撬","όKҐ",1,"kC",1550,"u˒",8380
2025,7,"s撬","όKҐ",1,"kC",1552,"CԒ",23780
2025,7,"s撬","όKҐ",1,"kC",1555,"y",70837
2025,7,"s撬","όKҐ",1,"kC",1559,"Nʒ",38559
2025,7,"s撬","όKҐ",1,"kC",1561,"",11642
2025,7,"s撬","όKҐ",1,"kC",1562,"",6769
2025,7,"s撬","όKҐ",1,"kC",1563,"Y",15317
2025,7,"s撬","όKҐ",1,"kC",1564,"",47363
2025,7,"s撬","όKҐ",1,"kC",1571,"LY",25699
2025,7,"s撬","όKҐ",1,"kC",1575,"s˒",43680
2025,7,"s撬","όKҐ",1,"kC",1578,"V",57433
2025,7,"s撬","όKҐ",1,"kC",1581,"^",1529
2025,7,"s撬","όKҐ",1,"kC",1584,"Β",38644
2025,7,"s撬","όKҐ",1,"kC",1585,"",7152
2025,7,"s撬","όKҐ",1,"kC",1586,"ނ풬",31098
2025,7,"s撬","όKҐ",1,"kC",1601,"",19317
2025,7,"s撬","όKҐ",1,"kC",1602,"撬",7541
2025,7,"s撬","όKҐ",1,"kC",1604,"V",17349
2025,7,"s撬","όKҐ",1,"kC",1607,"Y͒",4662
2025,7,"s撬","όKҐ",1,"kC",1608,"l",4647
2025,7,"s撬","όKҐ",1,"kC",1609,"",1932
2025,7,"s撬","όKҐ",1,"kC",1610,"VЂ",34690
2025,7,"s撬","όKҐ",1,"kC",1631,"X",145584
2025,7,"s撬","όKҐ",1,"kC",1632,"my",45724
2025,7,"s撬","όKҐ",1,"kC",1633,"my",14996
2025,7,"s撬","όKҐ",1,"kC",1634,"ǒ",25142
2025,7,"s撬","όKҐ",1,"kC",1635,"V",3929
2025,7,"s撬","όKҐ",1,"kC",1636,"",5569
2025,7,"s撬","όKҐ",1,"kC",1637,"莺",9196
2025,7,"s撬","όKҐ",1,"kC",1638,"D",56471
2025,7,"s撬","όKҐ",1,"kC",1639,"Xʑ",10805
2025,7,"s撬","όKҐ",1,"kC",1641,"",35611
2025,7,"s撬","όKҐ",1,"kC",1642,"L",1321
2025,7,"s撬","όKҐ",1,"kC",1643,"ʒ",31464
2025,7,"s撬","όKҐ",1,"kC",1644,"rc",12383
2025,7,"s撬","όKҐ",1,"kC",1646,"{ʒ",22056
2025,7,"s撬","όKҐ",1,"kC",1647,"",28808
2025,7,"s撬","όKҐ",1,"kC",1648,"ʒ",15596
2025,7,"s撬","όKҐ",1,"kC",1649,"Yy",29249
2025,7,"s撬","όKҐ",1,"kC",1661,"H",29156
2025,7,"s撬","όKҐ",1,"kC",1662,"ݒ",53999
2025,7,"s撬","όKҐ",1,"kC",1664,"W",1014
2025,7,"s撬","όKҐ",1,"kC",1665,"q",61076
2025,7,"s撬","όKҐ",1,"kC",1667,"ߋ",8030
2025,7,"s撬","όKҐ",1,"kC",1668,"f",4517
2025,7,"s撬","όKҐ",1,"kC",1691,"ʊC",24174
2025,7,"s撬","όKҐ",1,"kC",1692,"WÒ",3595
2025,7,"s撬","όKҐ",1,"kC",1693,"WÒ",11722
2025,7,"s撬","όKҐ",1,"kC",1694,"P",38745
2025,7,"s撬","όKҐ",2,"X",2201,"Xs",291163
2025,7,"s撬","όKҐ",2,"X",2202,"OOs",164022
2025,7,"s撬","όKҐ",2,"X",2203,"ˎs",172016
2025,7,"s撬","όKҐ",2,"X",2204,"Ύs",23811
2025,7,"s撬","όKҐ",2,"X",2205,"܏쌴s",29840
2025,7,"s撬","όKҐ",2,"X",2206,"\acs",97256
2025,7,"s撬","όKҐ",2,"X",2207,"Os",48132
2025,7,"s撬","όKҐ",2,"X",2208,"ނs",47085
2025,7,"s撬","όKҐ",2,"X",2209,"s",108689
2025,7,"s撬","όKҐ",2,"X",2210,"s",85022
2025,7,"s撬","όKҐ",2,"X",2301,"",10203
2025,7,"s撬","όKҐ",2,"X",2303,"ʒ",11210
2025,7,"s撬","όKҐ",2,"X",2304,"Hc",5881
2025,7,"s撬","όKҐ",2,"X",2307,"Ol",18217
2025,7,"s撬","όKҐ",2,"X",2321,"˃",35493
2025,7,"s撬","όKҐ",2,"X",2323,"[Y",39529
2025,7,"s撬","όKҐ",2,"X",2343,"ډ",20792
2025,7,"s撬","όKҐ",2,"X",2361,"蒬",10106
2025,7,"s撬","όKҐ",2,"X",2362,"k",5367
2025,7,"s撬","όKҐ",2,"X",2367,"cɊّ",21935
2025,7,"s撬","όKҐ",2,"X",2381,"",91
2025,7,"s撬","όKҐ",2,"X",2384,"ߓc",29035
2025,7,"s撬","όKҐ",2,"X",2387,"",9558
2025,7,"s撬","όKҐ",2,"X",2401,"Ӓn",12874
2025,7,"s撬","όKҐ",2,"X",2402,"˒",54610
2025,7,"s撬","όKҐ",2,"X",2405,"Z˒",6999
2025,7,"s撬","όKҐ",2,"X",2406,"l",25765
2025,7,"s撬","όKҐ",2,"X",2408,"k",25036
2025,7,"s撬","όKҐ",2,"X",2411,"Z",26014
2025,7,"s撬","όKҐ",2,"X",2412,"点",6743
2025,7,"s撬","όKҐ",2,"X",2423,"Ԓ",5336
2025,7,"s撬","όKҐ",2,"X",2424,"ʑ",2745
2025,7,"s撬","όKҐ",2,"X",2425,"ԉY",1763
2025,7,"s撬","όKҐ",2,"X",2426,"䑺",7131
2025,7,"s撬","όKҐ",2,"X",2441,"O˒",20982
2025,7,"s撬","όKҐ",2,"X",2442,"܌˒",2873
2025,7,"s撬","όKҐ",2,"X",2443,"cq",3102
2025,7,"s撬","όKҐ",2,"X",2445,"암",8229
2025,7,"s撬","όKҐ",2,"X",2446,"K㒬",19780
2025,7,"s撬","όKҐ",2,"X",2450,"V",7728
2025,7,"s撬","όKҐ",3,"茧",3201,"s",233206
2025,7,"s撬","όKҐ",3,"茧",3202,"{Îs",76621
2025,7,"s撬","όKҐ",3,"茧",3203,"Dns",87809
2025,7,"s撬","όKҐ",3,"茧",3205,"Ԋs",302656
2025,7,"s撬","όKҐ",3,"茧",3206,"ks",46401
2025,7,"s撬","όKҐ",3,"茧",3207,"vs",86445
2025,7,"s撬","όKҐ",3,"茧",3208,"s",64491
2025,7,"s撬","όKҐ",3,"茧",3209,"֎s",51768
2025,7,"s撬","όKҐ",3,"茧",3210,"Ocs",56441
2025,7,"s撬","όKҐ",3,"茧",3211,"Ύs",40027
2025,7,"s撬","όKҐ",3,"茧",3213,"ˎs",32598
2025,7,"s撬","όKҐ",3,"茧",3214,"s",188076
2025,7,"s撬","όKҐ",3,"茧",3215,"Bs",47063
2025,7,"s撬","όKҐ",3,"茧",3216,"s",32256
2025,7,"s撬","όKҐ",3,"茧",3301,"Β",139603
2025,7,"s撬","όKҐ",3,"茧",3302,"",20176
2025,7,"s撬","όKҐ",3,"茧",3303,"蒬",27502
2025,7,"s撬","όKҐ",3,"茧",3321,"g",46781
2025,7,"s撬","όKҐ",3,"茧",3322,"В",4300
2025,7,"s撬","όKҐ",3,"茧",3366,"a꒬",21662
2025,7,"s撬","όKҐ",3,"茧",3381,"蒬",13540
2025,7,"s撬","όKҐ",3,"茧",3402,"",69133
2025,7,"s撬","όKҐ",3,"茧",3441,"Zc",10034
2025,7,"s撬","όKҐ",3,"茧",3461,"ƒ",9419
2025,7,"s撬","όKҐ",3,"茧",3482,"Rc",30990
2025,7,"s撬","όKҐ",3,"茧",3483,"",36645
2025,7,"s撬","όKҐ",3,"茧",3484,"c씨",26385
2025,7,"s撬","όKҐ",3,"茧",3485,"㑺",11340
2025,7,"s撬","όKҐ",3,"茧",3501,"yĒ",18585
2025,7,"s撬","όKҐ",3,"茧",3503,"c",1659
2025,7,"s撬","όKҐ",3,"茧",3506,"ˑ",15405
2025,7,"s撬","όKҐ",3,"茧",3507,"m쒬",29963
2025,7,"s撬","όKҐ",3,"茧",3524,"˒",12258
2025,7,"s撬","όKҐ",4,"{錧",4101,"st",303245
2025,7,"s撬","όKҐ",4,"{錧",4102,"s{",299192
2025,7,"s撬","όKҐ",4,"{錧",4103,"sы",24440
2025,7,"s撬","όKҐ",4,"{錧",4104,"s",194731
2025,7,"s撬","όKҐ",4,"{錧",4105,"s",58289
2025,7,"s撬","όKҐ",4,"{錧",4202,"Ίs",152822
2025,7,"s撬","όKҐ",4,"{錧",4203,"s",33280
2025,7,"s撬","όKҐ",4,"{錧",4205,"Cs",69285
2025,7,"s撬","όKҐ",4,"{錧",4206,"Ύs",40078
2025,7,"s撬","όKҐ",4,"{錧",4207,"s",20412
2025,7,"s撬","όKҐ",4,"{錧",4208,"pcs",39290
2025,7,"s撬","όKҐ",4,"{錧",4209,"s",25251
2025,7,"s撬","όKҐ",4,"{錧",4211,"s",26562
2025,7,"s撬","όKҐ",4,"{錧",4212,"oĎs",171846
2025,7,"s撬","όKҐ",4,"{錧",4213,"Is",28310
2025,7,"s撬","όKҐ",4,"{錧",4214,"s",15443
2025,7,"s撬","όKҐ",4,"{錧",4215,"s",121321
2025,7,"s撬","όKҐ",4,"{錧",4216,"xJs",12821
2025,7,"s撬","όKҐ",4,"{錧",4301,"",29219
2025,7,"s撬","όKҐ",4,"{錧",4302,"h",18905
2025,7,"s撬","όKҐ",4,"{錧",4321,"͌",7523
2025,7,"s撬","όKҐ",4,"{錧",4322,"c",17439
2025,7,"s撬","όKҐ",4,"{錧",4323,"ēc",13009
2025,7,"s撬","όKҐ",4,"{錧",4324,"蒬",28903
2025,7,"s撬","όKҐ",4,"{錧",4341,"ېX",596
2025,7,"s撬","όKҐ",4,"{錧",4361,"j",8612
2025,7,"s撬","όKҐ",4,"{錧",4362,"R",23074
2025,7,"s撬","όKҐ",4,"{錧",4401,"",89145
2025,7,"s撬","όKҐ",4,"{錧",4404,"l",5936
2025,7,"s撬","όKҐ",4,"{錧",4406,"{",66430
2025,7,"s撬","όKҐ",4,"{錧",4421,"a",14077
2025,7,"s撬","όKҐ",4,"{錧",4422,"勽",37092
2025,7,"s撬","όKҐ",4,"{錧",4424,"t",22275
2025,7,"s撬","όKҐ",4,"{錧",4444,"F",8920
2025,7,"s撬","όKҐ",4,"{錧",4445,"",21754
2025,7,"s撬","όKҐ",4,"{錧",4501,"OJ",1889
2025,7,"s撬","όKҐ",4,"{錧",4505,"",1832
2025,7,"s撬","όKҐ",4,"{錧",4581,"쒬",4423
2025,7,"s撬","όKҐ",4,"{錧",4606,"O",10319
2025,7,"s撬","όKҐ",5,"Hc",5201,"Hcs",245134
2025,7,"s撬","όKҐ",5,"Hc",5202,"\s",54835
2025,7,"s撬","όKҐ",5,"Hc",5203,"s",84936
2025,7,"s撬","όKҐ",5,"Hc",5204,"َs",36546
2025,7,"s撬","όKҐ",5,"Hc",5206,"js",90169
2025,7,"s撬","όKҐ",5,"Hc",5207,"s",33343
2025,7,"s撬","όKҐ",5,"Hc",5209,"ps",46916
2025,7,"s撬","όKҐ",5,"Hc",5210,"R{s",110596
2025,7,"s撬","όKҐ",5,"Hc",5211,"s",38584
2025,7,"s撬","όKҐ",5,"Hc",5212,"s",61560
2025,7,"s撬","όKҐ",5,"Hc",5213,"kHcs",35264
2025,7,"s撬","όKҐ",5,"Hc",5214,"ɂَs",66707
2025,7,"s撬","όKҐ",5,"Hc",5215,"ks",56727
2025,7,"s撬","όKҐ",5,"Hc",5303,"⒬",11202
2025,7,"s撬","όKҐ",5,"Hc",5327,"㏬m",21077
2025,7,"s撬","όKҐ",5,"Hc",5346,"",3551
2025,7,"s撬","όKҐ",5,"Hc",5348,"O풬",12883
2025,7,"s撬","όKҐ",5,"Hc",5349,"",13068
2025,7,"s撬","όKҐ",5,"Hc",5361,"܏ڒ",9653
2025,7,"s撬","όKҐ",5,"Hc",5363,"Y",650
2025,7,"s撬","όKҐ",5,"Hc",5366,"쒬",3044
2025,7,"s撬","όKҐ",5,"Hc",5368,"劃",20651
2025,7,"s撬","όKҐ",5,"Hc",5434,"",23529
2025,7,"s撬","όKҐ",5,"Hc",5463,"H㒬",22441
2025,7,"s撬","όKҐ",5,"Hc",5464,"",5207
2025,7,"s撬","όKҐ",6,"R`",6201,"R`s",368584
2025,7,"s撬","όKҐ",6,"R`",6202,"đs",204142
2025,7,"s撬","όKҐ",6,"R`",6203,"߉s",166765
2025,7,"s撬","όKҐ",6,"R`",6204,"cs",68570
2025,7,"s撬","όKҐ",6,"R`",6205,"Vs",22780
2025,7,"s撬","όKҐ",6,"R`",6206,"͍]s",12657
2025,7,"s撬","όKҐ",6,"R`",6207,"Rs",26836
2025,7,"s撬","όKҐ",6,"R`",6208,"Rs",31049
2025,7,"s撬","όKҐ",6,"R`",6209,"s",19202
2025,7,"s撬","όKҐ",6,"R`",6210,"Vs",266322
2025,7,"s撬","όKҐ",6,"R`",6211,"s",31390
2025,7,"s撬","όKҐ",6,"R`",6212,"ԑs",125153
2025,7,"s撬","όKҐ",6,"R`",6213,"zs",38322
2025,7,"s撬","όKҐ",6,"R`",6301,"RӒ",3297
2025,7,"s撬","όKҐ",6,"R`",6302,"R",20154
2025,7,"s撬","όKҐ",6,"R`",6321,"͖k",16497
2025,7,"s撬","όKҐ",6,"R`",6322,"쒬",50796
2025,7,"s撬","όKҐ",6,"R`",6323,"",5702
2025,7,"s撬","όKҐ",6,"R`",6324,"]",22665
2025,7,"s撬","όKҐ",6,"R`",6341,"Γc",1722
2025,7,"s撬","όKҐ",6,"R`",6361,"R",999
2025,7,"s撬","όKҐ",6,"R`",6362,"ŏ㒬",3295
2025,7,"s撬","όKҐ",6,"R`",6363,"M`",10080
2025,7,"s撬","όKҐ",6,"R`",6364,"^쒬",3683
2025,7,"s撬","όKҐ",6,"R`",6365,"呠",1377
2025,7,"s撬","όKҐ",6,"R`",6366,"쑺",1210
2025,7,"s撬","όKҐ",6,"R`",6367,"ˑ",32926
2025,7,"s撬","όKҐ",6,"R`",6381,"",25512
2025,7,"s撬","όKҐ",6,"R`",6382,"쐼",4337
2025,7,"s撬","όKҐ",6,"R`",6401,"",5215
2025,7,"s撬","όKҐ",6,"R`",6402,"钬",2021
2025,7,"s撬","όKҐ",6,"R`",6403,"іL",85922
2025,7,"s撬","όKҐ",6,"R`",6426,"O쒬",23930
2025,7,"s撬","όKҐ",6,"R`",6428,"",32283
2025,7,"s撬","όKҐ",6,"R`",6461,"V",80730
2025,7,"s撬","όKҐ",7,"",7201,"s",341729
2025,7,"s撬","όKҐ",7,"",7202,"Îᏼs",133063
2025,7,"s撬","όKҐ",7,"",7203,"SRs",173739
2025,7,"s撬","όKҐ",7,"",7204,"킫s",306379
2025,7,"s撬","όKҐ",7,"",7205,"͎s",35819
2025,7,"s撬","όKҐ",7,"",7207,"{s",33103
2025,7,"s撬","όKҐ",7,"",7208,"쑽s",50535
2025,7,"s撬","όKҐ",7,"",7209,"ns",59406
2025,7,"s撬","όKҐ",7,"",7210,"{s",121991
2025,7,"s撬","όKҐ",7,"",7211,"cs",17840
2025,7,"s撬","όKҐ",7,"",7212,"쑊ns",151555
2025,7,"s撬","όKҐ",7,"",7213,"ɒBs",75258
2025,7,"s撬","όKҐ",7,"",7214,"{{s",82107
2025,7,"s撬","όKҐ",7,"",7301,"Kܒ",12758
2025,7,"s撬","όKҐ",7,"",7303,"",88712
2025,7,"s撬","όKҐ",7,"",7308,"얓",9811
2025,7,"s撬","όKҐ",7,"",7322,"ʑ",21065
2025,7,"s撬","όKҐ",7,"",7342,"Β",5019
2025,7,"s撬","όKҐ",7,"",7344,"Vh",43488
2025,7,"s撬","όKҐ",7,"",7362,"",34987
2025,7,"s撬","όKҐ",7,"",7364,"O}",9842
2025,7,"s撬","όKҐ",7,"",7367,"",2449
2025,7,"s撬","όKҐ",7,"",7368,"Ò",33573
2025,7,"s撬","όKҐ",7,"",7402,"k",51522
2025,7,"s撬","όKҐ",7,"",7405,"Ò",25726
2025,7,"s撬","όKҐ",7,"",7407,"֒",57735
2025,7,"s撬","όKҐ",7,"",7408,"c㒬",159296
2025,7,"s撬","όKҐ",7,"",7421,"Í≺",2287
2025,7,"s撬","όKҐ",7,"",7422,"쑺",40842
2025,7,"s撬","όKҐ",7,"",7423,"Ò",14542
2025,7,"s撬","όKҐ",7,"",7444,"O",15665
2025,7,"s撬","όKҐ",7,"",7445,"R",11945
2025,7,"s撬","όKҐ",7,"",7446,"a",12553
2025,7,"s撬","όKҐ",7,"",7447,"Ô",20239
2025,7,"s撬","όKҐ",7,"",7461,"",24965
2025,7,"s撬","όKҐ",7,"",7464,"葺",3218
2025,7,"s撬","όKҐ",7,"",7465,"",690
2025,7,"s撬","όKҐ",7,"",7466,"",5761
2025,7,"s撬","όKҐ",7,"",7481,"Iq",11611
2025,7,"s撬","όKҐ",7,"",7482,"Ւ",1116
2025,7,"s撬","όKҐ",7,"",7483,"",18023
2025,7,"s撬","όKҐ",7,"",7484,"L쑺",538
2025,7,"s撬","όKҐ",7,"",7501,"ΐ쒬",2140
2025,7,"s撬","όKҐ",7,"",7502,"ʐ쑺",10135
2025,7,"s撬","όKҐ",7,"",7503,"c",40127
2025,7,"s撬","όKҐ",7,"",7504,"쒬",263
2025,7,"s撬","όKҐ",7,"",7505,"Óa",10435
2025,7,"s撬","όKҐ",7,"",7521,"Ot",20248
2025,7,"s撬","όKҐ",7,"",7522,"쒬",7186
2025,7,"s撬","όKҐ",7,"",7541,"L쒬",4070
2025,7,"s撬","όKҐ",7,"",7542,"t",56848
2025,7,"s撬","όKҐ",7,"",7543,"x",6974
2025,7,"s撬","όKҐ",7,"",7544,"",4224
2025,7,"s撬","όKҐ",7,"",7545,"F",2483
2025,7,"s撬","όKҐ",7,"",7546,"ot",7935
2025,7,"s撬","όKҐ",7,"",7547,"Q]",39825
2025,7,"s撬","όKҐ",7,"",7548,"",347
2025,7,"s撬","όKҐ",7,"",7561,"Vn",6974
2025,7,"s撬","όKҐ",7,"",7564,"ъڑ",22130
2025,7,"s撬","όKҐ",8,"錧",8201,"ˎs",147825
2025,7,"s撬","όKҐ",8,"錧",8202,"s",71477
2025,7,"s撬","όKҐ",8,"錧",8203,"yYs",50276
2025,7,"s撬","όKҐ",8,"錧",8204,"É͎s",59296
2025,7,"s撬","όKҐ",8,"錧",8205,"Ήs",48054
2025,7,"s撬","όKҐ",8,"錧",8207,"s",5035
2025,7,"s撬","όKҐ",8,"錧",8208,"s",20380
2025,7,"s撬","όKҐ",8,"錧",8210,"Ȏs",64975
2025,7,"s撬","όKҐ",8,"錧",8211,"푍s",93510
2025,7,"s撬","όKҐ",8,"錧",8212,"헤cs",55964
2025,7,"s撬","όKҐ",8,"錧",8214,"s",10866
2025,7,"s撬","όKҐ",8,"錧",8215,"ks",83221
2025,7,"s撬","όKҐ",8,"錧",8216,"}Ԏs",119249
2025,7,"s撬","όKҐ",8,"錧",8217,"s",17383
2025,7,"s撬","όKҐ",8,"錧",8219,"vs",35958
2025,7,"s撬","όKҐ",8,"錧",8220,"Ύs",152977
2025,7,"s撬","όKҐ",8,"錧",8221,"ЂȂs",162342
2025,7,"s撬","όKҐ",8,"錧",8222,"s",105609
2025,7,"s撬","όKҐ",8,"錧",8223,"s",51975
2025,7,"s撬","όKҐ",8,"錧",8224,"Js",11744
2025,7,"s撬","όKҐ",8,"錧",8225,"헤{s",102990
2025,7,"s撬","όKҐ",8,"錧",8226,"߉ώs",21730
2025,7,"s撬","όKҐ",8,"錧",8227,"}s",66123
2025,7,"s撬","όKҐ",8,"錧",8228,"Ⓦs",39855
2025,7,"s撬","όKҐ",8,"錧",8229,"~s",79169
2025,7,"s撬","όKҐ",8,"錧",8230,"݂s",28168
2025,7,"s撬","όKҐ",8,"錧",8231,"s",48217
2025,7,"s撬","όKҐ",8,"錧",8232,"_s",43600
2025,7,"s撬","όKҐ",8,"錧",8233,"ss",75368
2025,7,"s撬","όKҐ",8,"錧",8234,"gcs",34829
2025,7,"s撬","όKҐ",8,"錧",8235,"΂݂炢s",16330
2025,7,"s撬","όKҐ",8,"錧",8236,"ʎs",20178
2025,7,"s撬","όKҐ",8,"錧",8302,"钬",17282
2025,7,"s撬","όKҐ",8,"錧",8309,"",189589
2025,7,"s撬","όKҐ",8,"錧",8310,"闢",29662
2025,7,"s撬","όKҐ",8,"錧",8341,"C",13079
2025,7,"s撬","όKҐ",8,"錧",8364,"q",48332
2025,7,"s撬","όKҐ",8,"錧",8442,"Y",15882
2025,7,"s撬","όKҐ",8,"錧",8443,"",89532
2025,7,"s撬","όKҐ",8,"錧",8447,"͓",1942
2025,7,"s撬","όKҐ",8,"錧",8521,"㒬",2279
2025,7,"s撬","όKҐ",8,"錧",8542,"܉",40197
2025,7,"s撬","όKҐ",8,"錧",8546,"",16961
2025,7,"s撬","όKҐ",8,"錧",8564,"",326
2025,7,"s撬","όKҐ",9,"Ȗ،",9201,"Fs{s",309650
2025,7,"s撬","όKҐ",9,"Ȗ،",9202,"s",58729
2025,7,"s撬","όKҐ",9,"Ȗ،",9203,"Ȗ؎s",179879
2025,7,"s撬","όKҐ",9,"Ȗ،",9204,"s",547565
2025,7,"s撬","όKҐ",9,"Ȗ،",9205,"s",93138
2025,7,"s撬","όKҐ",9,"Ȗ،",9206,"s",394200
2025,7,"s撬","όKҐ",9,"Ȗ،",9208,"Rs",74174
2025,7,"s撬","όKҐ",9,"Ȗ،",9209,"^s",64093
2025,7,"s撬","όKҐ",9,"Ȗ،",9210,"cs",63596
2025,7,"s撬","όKҐ",9,"Ȗ،",9211,"s",40986
2025,7,"s撬","όKҐ",9,"Ȗ،",9213,"ߐ{s",263530
2025,7,"s撬","όKҐ",9,"Ȗ،",9214,"s",59211
2025,7,"s撬","όKҐ",9,"Ȗ،",9215,"ߐ{GRs",19222
2025,7,"s撬","όKҐ",9,"Ȗ،",9216,"s",32959
2025,7,"s撬","όKҐ",9,"Ȗ،",9301,"O쒬",2760
2025,7,"s撬","όKҐ",9,"Ȗ،",9342,"vq",37816
2025,7,"s撬","όKҐ",9,"Ȗ،",9343,"Ζؒ",81424
2025,7,"s撬","όKҐ",9,"Ȗ،",9344,"sL",17946
2025,7,"s撬","όKҐ",9,"Ȗ،",9345,"F꒬",10234
2025,7,"s撬","όKҐ",9,"Ȗ،",9361,"p",72904
2025,7,"s撬","όKҐ",9,"Ȗ،",9364,"ؒ",2238
2025,7,"s撬","όKҐ",9,"Ȗ،",9384,"J",30103
2025,7,"s撬","όKҐ",9,"Ȗ،",9386,"",11627
2025,7,"s撬","όKҐ",9,"Ȗ،",9407,"ߐ{",688176
2025,7,"s撬","όKҐ",9,"Ȗ،",9411,"߉ϐ쒬",25544
2025,7,"s撬","όKҐ",10,"Qn",10201,"Os",283554
2025,7,"s撬","όKҐ",10,"Qn",10202,"s",186426
2025,7,"s撬","όKҐ",10,"Qn",10203,"ːs",55841
2025,7,"s撬","όKҐ",10,"Qn",10204,"ɐs",30796
2025,7,"s撬","όKҐ",10,"Qn",10205,"cs",79636
2025,7,"s撬","όKҐ",10,"Qn",10206,"cs",168773
2025,7,"s撬","όKҐ",10,"Qn",10207,"ٗюs",38508
2025,7,"s撬","όKҐ",10,"Qn",10208,"as",152442
2025,7,"s撬","όKҐ",10,"Qn",10209,"s",98599
2025,7,"s撬","όKҐ",10,"Qn",10210,"xs",91157
2025,7,"s撬","όKҐ",10,"Qn",10211,"s",219833
2025,7,"s撬","όKҐ",10,"Qn",10212,"݂ǂs",34922
2025,7,"s撬","όKҐ",10,"Qn",10344,"Y",5370
2025,7,"s撬","όKҐ",10,"Qn",10345,"g",14192
2025,7,"s撬","όKҐ",10,"Qn",10366,"쑺",31265
2025,7,"s撬","όKҐ",10,"Qn",10367,"_",17660
2025,7,"s撬","όKҐ",10,"Qn",10382,"mc",53146
2025,7,"s撬","όKҐ",10,"Qn",10383,"q",4123
2025,7,"s撬","όKҐ",10,"Qn",10384,"Êy",71196
2025,7,"s撬","όKҐ",10,"Qn",10421,"V",122752
2025,7,"s撬","όKҐ",10,"Qn",10424,"쌴",102361
2025,7,"s撬","όKҐ",10,"Qn",10425,"ڗ",154889
2025,7,"s撬","όKҐ",10,"Qn",10426,"Ò",149312
2025,7,"s撬","όKҐ",10,"Qn",10428,"R",36424
2025,7,"s撬","όKҐ",10,"Qn",10429,"Ȓ",43945
2025,7,"s撬","όKҐ",10,"Qn",10443,"Еi",128019
2025,7,"s撬","όKҐ",10,"Qn",10444,"ꑺ",121699
2025,7,"s撬","όKҐ",10,"Qn",10448,"a",38094
2025,7,"s撬","όKҐ",10,"Qn",10449,"݂Ȃݒ",240565
2025,7,"s撬","όKҐ",10,"Qn",10464,"ʑ",31742
2025,7,"s撬","όKҐ",10,"Qn",10521,"q",6522
2025,7,"s撬","όKҐ",10,"Qn",10522,"a",1028
2025,7,"s撬","όKҐ",10,"Qn",10523,"c",2722
2025,7,"s撬","όKҐ",10,"Qn",10524,"",2526
2025,7,"s撬","όKҐ",10,"Qn",10525,"Wy",1575
2025,7,"s撬","όKҐ",11,"ʌ",11101,"܎s",40724
2025,7,"s撬","όKҐ",11,"ʌ",11102,"܎sk",28177
2025,7,"s撬","όKҐ",11,"ʌ",11103,"܎s{",204142
2025,7,"s撬","όKҐ",11,"ʌ",11104,"܎s",10289
2025,7,"s撬","όKҐ",11,"ʌ",11105,"܎s",321744
2025,7,"s撬","όKҐ",11,"ʌ",11106,"܎s",18404
2025,7,"s撬","όKҐ",11,"ʌ",11107,"܎sYa",41770
2025,7,"s撬","όKҐ",11,"ʌ",11108,"܎s",56384
2025,7,"s撬","όKҐ",11,"ʌ",11109,"܎s΋",50270
2025,7,"s撬","όKҐ",11,"ʌ",11110,"܎s΋",9224
2025,7,"s撬","όKҐ",11,"ʌ",11201,"zs",235294
2025,7,"s撬","όKҐ",11,"ʌ",11202,"FJs",50157
2025,7,"s撬","όKҐ",11,"ʌ",11203,"s",23387
2025,7,"s撬","όKҐ",11,"ʌ",11206,"scs",85031
2025,7,"s撬","όKҐ",11,"ʌ",11207,"s",115157
2025,7,"s撬","όKҐ",11,"ʌ",11208,"s",281350
2025,7,"s撬","όKҐ",11,"ʌ",11209,"є\s",124528
2025,7,"s撬","όKҐ",11,"ʌ",11210,"{s",47597
2025,7,"s撬","όKҐ",11,"ʌ",11211,"{s",31225
2025,7,"s撬","όKҐ",11,"ʌ",11212,"Rs",39579
2025,7,"s撬","όKҐ",11,"ʌ",11214,"ts",71153
2025,7,"s撬","όKҐ",11,"ʌ",11215,"Rs",15766
2025,7,"s撬","όKҐ",11,"ʌ",11216,"Hs",48134
2025,7,"s撬","όKҐ",11,"ʌ",11217,"s",23050
2025,7,"s撬","όKҐ",11,"ʌ",11218,"[Js",183357
2025,7,"s撬","όKҐ",11,"ʌ",11219,"s",32446
2025,7,"s撬","όKҐ",11,"ʌ",11221,"s",10140
2025,7,"s撬","όKҐ",11,"ʌ",11222,"zJs",55131
2025,7,"s撬","όKҐ",11,"ʌ",11223,"ns",6853
2025,7,"s撬","όKҐ",11,"ʌ",11224,"˓cs",42984
2025,7,"s撬","όKҐ",11,"ʌ",11225,"Ԏs",93299
2025,7,"s撬","όKҐ",11,"ʌ",11227,"s",7968
2025,7,"s撬","όKҐ",11,"ʌ",11228,"u؎s",1666
2025,7,"s撬","όKҐ",11,"ʌ",11229,"as",14946
2025,7,"s撬","όKҐ",11,"ʌ",11230,"Vs",5195
2025,7,"s撬","όKҐ",11,"ʌ",11231,"s",9809
2025,7,"s撬","όKҐ",11,"ʌ",11232,"vs",17145
2025,7,"s撬","όKҐ",11,"ʌ",11233,"k{s",16122
2025,7,"s撬","όKҐ",11,"ʌ",11234,"s",5994
2025,7,"s撬","όKҐ",11,"ʌ",11235,"xms",6610
2025,7,"s撬","όKҐ",11,"ʌ",11237,"Os",156389
2025,7,"s撬","όKҐ",11,"ʌ",11238,"@cs",3041
2025,7,"s撬","όKҐ",11,"ʌ",11239,"ˎs",6164
2025,7,"s撬","όKҐ",11,"ʌ",11240,"Ks",5822
2025,7,"s撬","όKҐ",11,"ʌ",11241,"߃s",20907
2025,7,"s撬","όKҐ",11,"ʌ",11242,"s",53476
2025,7,"s撬","όKҐ",11,"ʌ",11243,"gs",7826
2025,7,"s撬","όKҐ",11,"ʌ",11245,"ӂݖs",4673
2025,7,"s撬","όKҐ",11,"ʌ",11246,"s",30402
2025,7,"s撬","όKҐ",11,"ʌ",11301,"ɓޒ",767
2025,7,"s撬","όKҐ",11,"ʌ",11324,"OF",6610
2025,7,"s撬","όKҐ",11,"ʌ",11326,"јCR",13581
2025,7,"s撬","όKҐ",11,"ʌ",11327,"z",24464
2025,7,"s撬","όKҐ",11,"ʌ",11341,"쒬",22792
2025,7,"s撬","όKҐ",11,"ʌ",11342,"R",17005
2025,7,"s撬","όKҐ",11,"ʌ",11343,"쒬",68703
2025,7,"s撬","όKҐ",11,"ʌ",11346,"쓇",8253
2025,7,"s撬","όKҐ",11,"ʌ",11347,"g",19687
2025,7,"s撬","όKҐ",11,"ʌ",11348,"R",13441
2025,7,"s撬","όKҐ",11,"ʌ",11349,"Ƃ풬",30740
2025,7,"s撬","όKҐ",11,"ʌ",11361,"",33621
2025,7,"s撬","όKҐ",11,"ʌ",11362,"F쒬",34510
2025,7,"s撬","όKҐ",11,"ʌ",11363,"Ғ",55337
2025,7,"s撬","όKҐ",11,"ʌ",11365,"쒬",11724
2025,7,"s撬","όKҐ",11,"ʌ",11369,"",15635
2025,7,"s撬","όKҐ",11,"ʌ",11381,"",14923
2025,7,"s撬","όKҐ",11,"ʌ",11383,"_쒬",33628
2025,7,"s撬","όKҐ",11,"ʌ",11385,"㗢",312345
2025,7,"s撬","όKҐ",11,"ʌ",11408,"񋏒",27007
2025,7,"s撬","όKҐ",11,"ʌ",11442,"{㒬",2327
2025,7,"s撬","όKҐ",11,"ʌ",11464,"˒",22841
2025,7,"s撬","όKҐ",11,"ʌ",11465,"",2384
2025,7,"s撬","όKҐ",12,"t",12101,"ts",147526
2025,7,"s撬","όKҐ",12,"t",12102,"tsԌ",7287
2025,7,"s撬","όKҐ",12,"t",12103,"tsы",41709
2025,7,"s撬","όKҐ",12,"t",12104,"tst",16180
2025,7,"s撬","όKҐ",12,"t",12105,"ts΋",31735
2025,7,"s撬","όKҐ",12,"t",12106,"tsl",668686
2025,7,"s撬","όKҐ",12,"t",12202,"qs",13266
2025,7,"s撬","όKҐ",12,"t",12203,"ss",86342
2025,7,"s撬","όKҐ",12,"t",12204,"Ds",37610
2025,7,"s撬","όKҐ",12,"t",12205,"َRs",58675
2025,7,"s撬","όKҐ",12,"t",12206,"؍XÎs",97544
2025,7,"s撬","όKҐ",12,"t",12207,"ˎs",43721
2025,7,"s撬","όKҐ",12,"t",12208,"cs",65829
2025,7,"s撬","όKҐ",12,"t",12210,"Όs",33148
2025,7,"s撬","όKҐ",12,"t",12211,"cs",173442
2025,7,"s撬","όKҐ",12,"t",12212,"qs",38571
2025,7,"s撬","όKҐ",12,"t",12213,"s",41346
2025,7,"s撬","όKҐ",12,"t",12215,"s",40495
2025,7,"s撬","όKҐ",12,"t",12216,"Kus",18257
2025,7,"s撬","όKҐ",12,"t",12217,"s",85916
2025,7,"s撬","όKҐ",12,"t",12218,"Ys",58101
2025,7,"s撬","όKҐ",12,"t",12219,"ss",207734
2025,7,"s撬","όKҐ",12,"t",12220,"Rs",19654
2025,7,"s撬","όKҐ",12,"t",12221,"s",19860
2025,7,"s撬","όKҐ",12,"t",12222,"䑷qs",15857
2025,7,"s撬","όKҐ",12,"t",12223,"s",126335
2025,7,"s撬","όKҐ",12,"t",12224,"Js",12412
2025,7,"s撬","όKҐ",12,"t",12225,"NÎs",59879
2025,7,"s撬","όKҐ",12,"t",12226,"xÎs",81063
2025,7,"s撬","όKҐ",12,"t",12227,"Ys",878348
2025,7,"s撬","όKҐ",12,"t",12228,"lXs",4208
2025,7,"s撬","όKҐ",12,"t",12229,"Ys",56370
2025,7,"s撬","όKҐ",12,"t",12230,"Xs",4286
2025,7,"s撬","όKҐ",12,"t",12231,"󐼎s",19823
2025,7,"s撬","όKҐ",12,"t",12232,"s",4525
2025,7,"s撬","όKҐ",12,"t",12233,"xs",4518
2025,7,"s撬","όKҐ",12,"t",12234,"[s",127892
2025,7,"s撬","όKҐ",12,"t",12235,"xs",9715
2025,7,"s撬","όKҐ",12,"t",12236,"s",115441
2025,7,"s撬","όKҐ",12,"t",12237,"Rs",45244
2025,7,"s撬","όKҐ",12,"t",12238,"ݎs",21816
2025,7,"s撬","όKҐ",12,"t",12239,"Ԕs",12993
2025,7,"s撬","όKҐ",12,"t",12322,"X䒬",691
2025,7,"s撬","όKҐ",12,"t",12329,"h",3649
2025,7,"s撬","όKҐ",12,"t",12342,"_蒬",53006
2025,7,"s撬","όKҐ",12,"t",12347,"Ò",29126
2025,7,"s撬","όKҐ",12,"t",12349,"",2446
2025,7,"s撬","όKҐ",12,"t",12403,"\㗢",18744
2025,7,"s撬","όKҐ",12,"t",12409,"ŎR",49877
2025,7,"s撬","όKҐ",12,"t",12410,"Ō",5324
2025,7,"s撬","όKҐ",12,"t",12421,"{",9164
2025,7,"s撬","όKҐ",12,"t",12422,"r",30965
2025,7,"s撬","όKҐ",12,"t",12423,"",9287
2025,7,"s撬","όKҐ",12,"t",12424,"q",10727
2025,7,"s撬","όKҐ",12,"t",12426,"",28165
2025,7,"s撬","όKҐ",12,"t",12427,"쒬",35075
2025,7,"s撬","όKҐ",12,"t",12441,"命쒬",61606
2025,7,"s撬","όKҐ",12,"t",12443,"h",29427
2025,7,"s撬","όKҐ",12,"t",12463,"쒬",54080
2025,7,"s撬","όKҐ",13,"s",13101,"c",3035335
2025,7,"s撬","όKҐ",13,"s",13102,"",1856765
2025,7,"s撬","όKҐ",13,"s",13103,"`",2278514
2025,7,"s撬","όKҐ",13,"s",13104,"Vh",2352561
2025,7,"s撬","όKҐ",13,"s",13105,"",1250633
2025,7,"s撬","όKҐ",13,"s",13106,"䓌",1444261
2025,7,"s撬","όKҐ",13,"s",13107,"nc",565884
2025,7,"s撬","όKҐ",13,"s",13108,"]",1947899
2025,7,"s撬","όKҐ",13,"s",13109,"i",456125
2025,7,"s撬","όKҐ",13,"s",13110,"ڍ",242593
2025,7,"s撬","όKҐ",13,"s",13111,"c",514864
2025,7,"s撬","όKҐ",13,"s",13112,"cJ",235451
2025,7,"s撬","όKҐ",13,"s",13113,"aJ",2234441
2025,7,"s撬","όKҐ",13,"s",13114,"",175906
2025,7,"s撬","όKҐ",13,"s",13115,"",72685
2025,7,"s撬","όKҐ",13,"s",13116,"L",1998958
2025,7,"s撬","όKҐ",13,"s",13117,"k",99251
2025,7,"s撬","όKҐ",13,"s",13118,"r",63215
2025,7,"s撬","όKҐ",13,"s",13119,"",41104
2025,7,"s撬","όKҐ",13,"s",13120,"n",107097
2025,7,"s撬","όKҐ",13,"s",13121,"",78440
2025,7,"s撬","όKҐ",13,"s",13122,"",61780
2025,7,"s撬","όKҐ",13,"s",13123,"]ː",155223
2025,7,"s撬","όKҐ",13,"s",13201,"qs",200327
2025,7,"s撬","όKҐ",13,"s",13202,"s",123321
2025,7,"s撬","όKҐ",13,"s",13203,"s",126999
2025,7,"s撬","όKҐ",13,"s",13204,"Os",49218
2025,7,"s撬","όKҐ",13,"s",13205,"~s",37482
2025,7,"s撬","όKҐ",13,"s",13206,"{s",101743
2025,7,"s撬","όKҐ",13,"s",13207,"s",21659
2025,7,"s撬","όKҐ",13,"s",13208,"zs",113340
2025,7,"s撬","όKҐ",13,"s",13209,"cs",159857
2025,7,"s撬","όKҐ",13,"s",13210,"s",9612
2025,7,"s撬","όKҐ",13,"s",13211,"s",28095
2025,7,"s撬","όKҐ",13,"s",13212,"s",28269
2025,7,"s撬","όKҐ",13,"s",13213,"Rs",4489
2025,7,"s撬","όKҐ",13,"s",13214,"s",8997
2025,7,"s撬","όKҐ",13,"s",13215,"s",22901
2025,7,"s撬","όKҐ",13,"s",13218,"s",2445
2025,7,"s撬","όKҐ",13,"s",13219,"]s",12186
2025,7,"s撬","όKҐ",13,"s",13220,"as",10010
2025,7,"s撬","όKҐ",13,"s",13221,"s",1511
2025,7,"s撬","όKҐ",13,"s",13222,"vĎs",16605
2025,7,"s撬","όKҐ",13,"s",13223,"Rs",4452
2025,7,"s撬","όKҐ",13,"s",13224,"s",101985
2025,7,"s撬","όKҐ",13,"s",13225,"s",42550
2025,7,"s撬","όKҐ",13,"s",13227,"Hs",2847
2025,7,"s撬","όKҐ",13,"s",13228,"s",84322
2025,7,"s撬","όKҐ",13,"s",13229,"s",13287
2025,7,"s撬","όKҐ",13,"s",13303,"䒬",1989
2025,7,"s撬","όKҐ",13,"s",13305,"̏o",10380
2025,7,"s撬","όKҐ",13,"s",13307,"w",20738
2025,7,"s撬","όKҐ",13,"s",13308,"",21864
2025,7,"s撬","όKҐ",13,"s",13361,"哇",12182
2025,7,"s撬","όKҐ",13,"s",13362,"",74
2025,7,"s撬","όKҐ",13,"s",13363,"V",1467
2025,7,"s撬","όKҐ",13,"s",13364,"_Ó",3679
2025,7,"s撬","όKҐ",13,"s",13381,"O",732
2025,7,"s撬","όKҐ",13,"s",13401,"䒬",11069
2025,7,"s撬","όKҐ",13,"s",13402,"",43
2025,7,"s撬","όKҐ",13,"s",13421,"}",3932
2025,7,"s撬","όKҐ",14,"_ސ쌧",14101,"lsߌ",33069
2025,7,"s撬","όKҐ",14,"_ސ쌧",14102,"ls_ސ",32464
2025,7,"s撬","όKҐ",14,"_ސ쌧",14103,"ls",647502
2025,7,"s撬","όKҐ",14,"_ސ쌧",14104,"ls",930727
2025,7,"s撬","όKҐ",14,"_ސ쌧",14105,"ls",12171
2025,7,"s撬","όKҐ",14,"_ސ쌧",14106,"lsۓyJ",37053
2025,7,"s撬","όKҐ",14,"_ސ쌧",14107,"lsq",37601
2025,7,"s撬","όKҐ",14,"_ސ쌧",14108,"ls",95507
2025,7,"s撬","όKҐ",14,"_ސ쌧",14109,"ls`k",304832
2025,7,"s撬","όKҐ",14,"_ސ쌧",14110,"ls˒ˋ",31483
2025,7,"s撬","όKҐ",14,"_ސ쌧",14111,"ls`",13359
2025,7,"s撬","όKҐ",14,"_ސ쌧",14112,"ls",19947
2025,7,"s撬","όKҐ",14,"_ސ쌧",14113,"ls΋",7292
2025,7,"s撬","όKҐ",14,"_ސ쌧",14114,"lsJ",3559
2025,7,"s撬","όKҐ",14,"_ސ쌧",14115,"lsh",10054
2025,7,"s撬","όKҐ",14,"_ސ쌧",14116,"ls",5712
2025,7,"s撬","όKҐ",14,"_ސ쌧",14117,"lst",27246
2025,7,"s撬","όKҐ",14,"_ސ쌧",14118,"lss}",24277
2025,7,"s撬","όKҐ",14,"_ސ쌧",14131,"s",685791
2025,7,"s撬","όKҐ",14,"_ސ쌧",14132,"sK",418110
2025,7,"s撬","όKҐ",14,"_ސ쌧",14133,"s",59282
2025,7,"s撬","όKҐ",14,"_ސ쌧",14134,"sË",8623
2025,7,"s撬","όKҐ",14,"_ސ쌧",14135,"s",70295
2025,7,"s撬","όKҐ",14,"_ސ쌧",14136,"s{O",16747
2025,7,"s撬","όKҐ",14,"_ސ쌧",14137,"s",8912
2025,7,"s撬","όKҐ",14,"_ސ쌧",14151,"͌s΋",105409
2025,7,"s撬","όKҐ",14,"_ސ쌧",14152,"͌s",39924
2025,7,"s撬","όKҐ",14,"_ސ쌧",14153,"͌s",32719
2025,7,"s撬","όKҐ",14,"_ސ쌧",14201,"{s",297634
2025,7,"s撬","όKҐ",14,"_ސ쌧",14203,"ˎs",77051
2025,7,"s撬","όKҐ",14,"_ސ쌧",14204,"qs",216000
2025,7,"s撬","όKҐ",14,"_ސ쌧",14205,"s",228067
2025,7,"s撬","όKҐ",14,"_ސ쌧",14206,"cs",142445
2025,7,"s撬","όKҐ",14,"_ސ쌧",14207,"s",51817
2025,7,"s撬","όKҐ",14,"_ސ쌧",14208,"qs",37162
2025,7,"s撬","όKҐ",14,"_ސ쌧",14210,"OYs",101060
2025,7,"s撬","όKҐ",14,"_ސ쌧",14211,"`s",85409
2025,7,"s撬","όKҐ",14,"_ސ쌧",14212,"؎s",79029
2025,7,"s撬","όKҐ",14,"_ސ쌧",14213,"as",19054
2025,7,"s撬","όKҐ",14,"_ސ쌧",14214,"ɐs",38329
2025,7,"s撬","όKҐ",14,"_ސ쌧",14215,"CVs",564732
2025,7,"s撬","όKҐ",14,"_ސ쌧",14216,"Ԏs",8338
2025,7,"s撬","όKҐ",14,"_ސ쌧",14217,"쑫s",10739
2025,7,"s撬","όKҐ",14,"_ސ쌧",14218,"s",6460
2025,7,"s撬","όKҐ",14,"_ސ쌧",14301,"tR",46279
2025,7,"s撬","όKҐ",14,"_ސ쌧",14321,"쒬",19808
2025,7,"s撬","όKҐ",14,"_ސ쌧",14341,"钬",62931
2025,7,"s撬","όKҐ",14,"_ސ쌧",14342,"{",9000
2025,7,"s撬","όKҐ",14,"_ސ쌧",14361,"䒬",8047
2025,7,"s撬","όKҐ",14,"_ސ쌧",14362,"䒬",1417
2025,7,"s撬","όKҐ",14,"_ސ쌧",14363,"c",25807
2025,7,"s撬","όKҐ",14,"_ސ쌧",14364,"Rk",20609
2025,7,"s撬","όKҐ",14,"_ސ쌧",14366,"J",2080
2025,7,"s撬","όKҐ",14,"_ސ쌧",14382,"",294234
2025,7,"s撬","όKҐ",14,"_ސ쌧",14383,"^ߒ",16483
2025,7,"s撬","όKҐ",14,"_ސ쌧",14384,"͌",19756
2025,7,"s撬","όKҐ",14,"_ސ쌧",14401,"쒬",33634
2025,7,"s撬","όKҐ",14,"_ސ쌧",14402,"쑺",23283
2025,7,"s撬","όKҐ",15,"V",15101,"Vsk",84291
2025,7,"s撬","όKҐ",15,"V",15102,"Vs",12560
2025,7,"s撬","όKҐ",15,"V",15103,"Vs",344770
2025,7,"s撬","όKҐ",15,"V",15104,"Vs]",5462
2025,7,"s撬","όKҐ",15,"V",15105,"VsHt",22876
2025,7,"s撬","όKҐ",15,"V",15106,"Vs",3399
2025,7,"s撬","όKҐ",15,"V",15107,"Vs",80185
2025,7,"s撬","όKҐ",15,"V",15108,"Vs",39206
2025,7,"s撬","όKҐ",15,"V",15202,"s",204945
2025,7,"s撬","όKҐ",15,"V",15204,"Os",67292
2025,7,"s撬","όKҐ",15,"V",15205,"s",121621
2025,7,"s撬","όKҐ",15,"V",15206,"Vcs",63369
2025,7,"s撬","όKҐ",15,"V",15208,"Js",15194
2025,7,"s撬","όKҐ",15,"V",15209,"Ύs",4445
2025,7,"s撬","όKҐ",15,"V",15210,"\s",61872
2025,7,"s撬","όKҐ",15,"V",15211,"s",6537
2025,7,"s撬","όKҐ",15,"V",15212,"s",127510
2025,7,"s撬","όKҐ",15,"V",15213,"s",50675
2025,7,"s撬","όKҐ",15,"V",15216,"s",115253
2025,7,"s撬","όKҐ",15,"V",15217,"s",144271
2025,7,"s撬","όKҐ",15,"V",15218,"ܐs",19076
2025,7,"s撬","όKҐ",15,"V",15222,"zs",167403
2025,7,"s撬","όKҐ",15,"V",15223,"s",13335
2025,7,"s撬","όKҐ",15,"V",15224,"ns",67526
2025,7,"s撬","όKҐ",15,"V",15225,"s",37189
2025,7,"s撬","όKҐ",15,"V",15226,"싛s",90851
2025,7,"s撬","όKҐ",15,"V",15227,"ٓs",18913
2025,7,"s撬","όKҐ",15,"V",15307,"Ē",25992
2025,7,"s撬","όKҐ",15,"V",15342,"F",27760
2025,7,"s撬","όKҐ",15,"V",15361,"c㒬",7867
2025,7,"s撬","όKҐ",15,"V",15385,"꒬",25015
2025,7,"s撬","όKҐ",15,"V",15405,"o_蒬",3779
2025,7,"s撬","όKҐ",15,"V",15461,"",182394
2025,7,"s撬","όKҐ",15,"V",15482,"Ó쒬",8347
2025,7,"s撬","όKҐ",15,"V",15504,"H",9302
2025,7,"s撬","όKҐ",15,"V",15581,"֐쑺",38769
2025,7,"s撬","όKҐ",16,"xR",16201,"xRs",487630
2025,7,"s撬","όKҐ",16,"xR",16202,"s",90239
2025,7,"s撬","όKҐ",16,"xR",16204,"Îs",150615
2025,7,"s撬","όKҐ",16,"xR",16205,"Xs",66160
2025,7,"s撬","όKҐ",16,"xR",16206,"s",12146
2025,7,"s撬","όKҐ",16,"xR",16207,"s",138213
2025,7,"s撬","όKҐ",16,"xR",16208,"vgs",24279
2025,7,"s撬","όKҐ",16,"xR",16209,"s",101878
2025,7,"s撬","όKҐ",16,"xR",16210,"vs",66303
2025,7,"s撬","όKҐ",16,"xR",16211,"ːs",64791
2025,7,"s撬","όKҐ",16,"xR",16321,"M",227
2025,7,"s撬","όKҐ",16,"xR",16322,"s",17219
2025,7,"s撬","όKҐ",16,"xR",16323,"R",83426
2025,7,"s撬","όKҐ",16,"xR",16342,"P",8054
2025,7,"s撬","όKҐ",16,"xR",16343,"",9498
2025,7,"s撬","όKҐ",17,"ΐ쌧",17201,"s",413488
2025,7,"s撬","όKҐ",17,"ΐ쌧",17202,"s",83800
2025,7,"s撬","όKҐ",17,"ΐ쌧",17203,"s",76957
2025,7,"s撬","όKҐ",17,"ΐ쌧",17204,"֓s",31132
2025,7,"s撬","όKҐ",17,"ΐ쌧",17205,"Fs",38535
2025,7,"s撬","όKҐ",17,"ΐ쌧",17206,"s",74062
2025,7,"s撬","όKҐ",17,"ΐ쌧",17207,"Hs",97934
2025,7,"s撬","όKҐ",17,"ΐ쌧",17209,"قs",46160
2025,7,"s撬","όKҐ",17,"ΐ쌧",17210,"Rs",91659
2025,7,"s撬","όKҐ",17,"ΐ쌧",17211,"\s",36476
2025,7,"s撬","όKҐ",17,"ΐ쌧",17212,"Xss",1625
2025,7,"s撬","όKҐ",17,"ΐ쌧",17324,"k",4020
2025,7,"s撬","όKҐ",17,"ΐ쌧",17361,"Ô",15450
2025,7,"s撬","όKҐ",17,"ΐ쌧",17365,"咬",9402
2025,7,"s撬","όKҐ",17,"ΐ쌧",17384,"u꒬",21120
2025,7,"s撬","όKҐ",17,"ΐ쌧",17386,"Bu",28189
2025,7,"s撬","όKҐ",17,"ΐ쌧",17407,"\o",10104
2025,7,"s撬","όKҐ",17,"ΐ쌧",17461,"",14812
2025,7,"s撬","όKҐ",17,"ΐ쌧",17463,"\o",28392
2025,7,"s撬","όKҐ",18,"䌧",18201,"s",98897
2025,7,"s撬","όKҐ",18,"䌧",18202,"։s",64839
2025,7,"s撬","όKҐ",18,"䌧",18204,"ls",47401
2025,7,"s撬","όKҐ",18,"䌧",18205,"s",26662
2025,7,"s撬","όKҐ",18,"䌧",18206,"Rs",129405
2025,7,"s撬","όKҐ",18,"䌧",18207,"I]s",18009
2025,7,"s撬","όKҐ",18,"䌧",18208,"s",25281
2025,7,"s撬","όKҐ",18,"䌧",18209,"zOs",17705
2025,7,"s撬","όKҐ",18,"䌧",18210,"s",144806
2025,7,"s撬","όKҐ",18,"䌧",18322,"i",49087
2025,7,"s撬","όKҐ",18,"䌧",18382,"rc",3404
2025,7,"s撬","όKҐ",18,"䌧",18404,"zO",21180
2025,7,"s撬","όKҐ",18,"䌧",18423,"zO",30863
2025,7,"s撬","όKҐ",18,"䌧",18442,"l",20542
2025,7,"s撬","όKҐ",18,"䌧",18481,"l",54536
2025,7,"s撬","όKҐ",18,"䌧",18483,"",33269
2025,7,"s撬","όKҐ",18,"䌧",18501,"ዷ",58399
2025,7,"s撬","όKҐ",19,"R",19201,"b{s",173628
2025,7,"s撬","όKҐ",19,"R",19202,"xmgcs",252755
2025,7,"s撬","όKҐ",19,"R",19204,"ss",82655
2025,7,"s撬","όKҐ",19,"R",19205,"Rs",98332
2025,7,"s撬","όKҐ",19,"R",19206,"匎s",15234
2025,7,"s撬","όKҐ",19,"R",19207,"Bs",17294
2025,7,"s撬","όKҐ",19,"R",19208,"AvXs",53446
2025,7,"s撬","όKҐ",19,"R",19209,"kms",249375
2025,7,"s撬","όKҐ",19,"R",19210,"bs",13172
2025,7,"s撬","όKҐ",19,"R",19211,"Js",129270
2025,7,"s撬","όKҐ",19,"R",19212,"쌴s",26502
2025,7,"s撬","όKҐ",19,"R",19213,"bBs",115961
2025,7,"s撬","όKҐ",19,"R",19214,"s",22080
2025,7,"s撬","όKҐ",19,"R",19346,"sO",22186
2025,7,"s撬","όKҐ",19,"R",19364,"쒬",3811
2025,7,"s撬","όKҐ",19,"R",19365,"g",60366
2025,7,"s撬","όKҐ",19,"R",19366,"암",73278
2025,7,"s撬","όKҐ",19,"R",19368,"xm쒬",58927
2025,7,"s撬","όKҐ",19,"R",19384,"a",4451
2025,7,"s撬","όKҐ",19,"R",19422,"u",53361
2025,7,"s撬","όKҐ",19,"R",19423,"j",787
2025,7,"s撬","όKҐ",19,"R",19424,"E쑺",21477
2025,7,"s撬","όKҐ",19,"R",19425,"RΑ",54247
2025,7,"s撬","όKҐ",19,"R",19429,"",145842
2025,7,"s撬","όKҐ",19,"R",19430,"xm͌Β",187527
2025,7,"s撬","όKҐ",19,"R",19442,"",21660
2025,7,"s撬","όKҐ",19,"R",19443,"OgR",22895
2025,7,"s撬","όKҐ",20,"쌧",20201,"s",363659
2025,7,"s撬","όKҐ",20,"쌧",20202,"{s",501850
2025,7,"s撬","όKҐ",20,"쌧",20203,"cs",205469
2025,7,"s撬","όKҐ",20,"쌧",20204,"Js",30959
2025,7,"s撬","όKҐ",20,"쌧",20205,"ѓcs",29663
2025,7,"s撬","όKҐ",20,"쌧",20206,"zKs",373520
2025,7,"s撬","όKҐ",20,"쌧",20207,"{s",26049
2025,7,"s撬","όKҐ",20,"쌧",20208,"s",31726
2025,7,"s撬","όKҐ",20,"쌧",20209,"ɓߎs",50381
2025,7,"s撬","όKҐ",20,"쌧",20210,"s",304919
2025,7,"s撬","όKҐ",20,"쌧",20211,"s",35686
2025,7,"s撬","όKҐ",20,"쌧",20212,"咬s",74135
2025,7,"s撬","όKҐ",20,"쌧",20213,"юRs",31768
2025,7,"s撬","όKҐ",20,"쌧",20214,"s",99870
2025,7,"s撬","όKҐ",20,"쌧",20215,"Ks",33038
2025,7,"s撬","όKҐ",20,"쌧",20217,"vs",83387
2025,7,"s撬","όKҐ",20,"쌧",20218,"Ȏs",85883
2025,7,"s撬","όKҐ",20,"쌧",20219,"s",81556
2025,7,"s撬","όKҐ",20,"쌧",20220,"ܖs",141083
2025,7,"s撬","όKҐ",20,"쌧",20303,"C",21774
2025,7,"s撬","όKҐ",20,"쌧",20304,"㑺",8790
2025,7,"s撬","όKҐ",20,"쌧",20305,"q",40017
2025,7,"s撬","όKҐ",20,"쌧",20306,"쑊ؑ",5955
2025,7,"s撬","όKҐ",20,"쌧",20309,"v䒬",2229
2025,7,"s撬","όKҐ",20,"쌧",20321,"y",445867
2025,7,"s撬","όKҐ",20,"쌧",20323,"c",6446
2025,7,"s撬","όKҐ",20,"쌧",20324,"Ȓ",122816
2025,7,"s撬","όKҐ",20,"쌧",20349,"ؑ",12841
2025,7,"s撬","όKҐ",20,"쌧",20350,"a",41846
2025,7,"s撬","όKҐ",20,"쌧",20361,"zK",38293
2025,7,"s撬","όKҐ",20,"쌧",20362,"xm",71079
2025,7,"s撬","όKҐ",20,"쌧",20363,"",35295
2025,7,"s撬","όKҐ",20,"쌧",20382,"C쒬",2205
2025,7,"s撬","όKҐ",20,"쌧",20383,"֒",6103
2025,7,"s撬","όKҐ",20,"쌧",20384,"ѓ",28837
2025,7,"s撬","όKҐ",20,"쌧",20385,"얥֑",32953
2025,7,"s撬","όKҐ",20,"쌧",20388,"{c",3652
2025,7,"s撬","όKҐ",20,"쌧",20402,"쒬",3687
2025,7,"s撬","όKҐ",20,"쌧",20403,"X",2897
2025,7,"s撬","όKҐ",20,"쌧",20404,"쒬",29280
2025,7,"s撬","όKҐ",20,"쌧",20407,"q",33759
2025,7,"s撬","όKҐ",20,"쌧",20409,"J",21523
2025,7,"s撬","όKҐ",20,"쌧",20410,"H",1453
2025,7,"s撬","όKҐ",20,"쌧",20411,"",7747
2025,7,"s撬","όKҐ",20,"쌧",20412,"ؑ",71
2025,7,"s撬","όKҐ",20,"쌧",20413,"V",6974
2025,7,"s撬","όKҐ",20,"쌧",20414,"ו",334
2025,7,"s撬","όKҐ",20,"쌧",20416,"Lu",24077
2025,7,"s撬","όKҐ",20,"쌧",20417,"厭",1520
2025,7,"s撬","όKҐ",20,"쌧",20422,"㏼",17459
2025,7,"s撬","όKҐ",20,"쌧",20423,"ؑ]",2007
2025,7,"s撬","όKҐ",20,"쌧",20425,"ؑc",19800
2025,7,"s撬","όKҐ",20,"쌧",20429,"ꑺ",7431
2025,7,"s撬","όKҐ",20,"쌧",20430,"K",40428
2025,7,"s撬","όKҐ",20,"쌧",20432,"ؑ]",110830
2025,7,"s撬","όKҐ",20,"쌧",20446,"ё",3376
2025,7,"s撬","όKҐ",20,"쌧",20448,"⑺",2073
2025,7,"s撬","όKҐ",20,"쌧",20451,"",211
2025,7,"s撬","όKҐ",20,"쌧",20452,"}k",1729
2025,7,"s撬","όKҐ",20,"쌧",20481,"rc",4996
2025,7,"s撬","όKҐ",20,"쌧",20482,"쑺",34766
2025,7,"s撬","όKҐ",20,"쌧",20485,"n",152222
2025,7,"s撬","όKҐ",20,"쌧",20486,"J",67365
2025,7,"s撬","όKҐ",20,"쌧",20521,"钬",4514
2025,7,"s撬","όKҐ",20,"쌧",20541,"z{",60276
2025,7,"s撬","όKҐ",20,"쌧",20543,"R",13258
2025,7,"s撬","όKҐ",20,"쌧",20561,"Rm",75421
2025,7,"s撬","όKҐ",20,"쌧",20562,"ؓ",7604
2025,7,"s撬","όKҐ",20,"쌧",20563,"򉷐",16015
2025,7,"s撬","όKҐ",20,"쌧",20583,"MZ",62056
2025,7,"s撬","όKҐ",20,"쌧",20588,"쑺",9218
2025,7,"s撬","όKҐ",20,"쌧",20590,"эj",6875
2025,7,"s撬","όKҐ",20,"쌧",20602,"h",23781
2025,7,"s撬","όKҐ",21,"򕌌",21201,"򕌎s",169981
2025,7,"s撬","όKҐ",21,"򕌌",21202,"_s",40957
2025,7,"s撬","όKҐ",21,"򕌌",21203,"Rs",295115
2025,7,"s撬","όKҐ",21,"򕌌",21204,"s",37568
2025,7,"s撬","όKҐ",21,"򕌌",21205,"֎s",125763
2025,7,"s撬","όKҐ",21,"򕌌",21206,"Ðs",223890
2025,7,"s撬","όKҐ",21,"򕌌",21207,"Zs",35229
2025,7,"s撬","όKҐ",21,"򕌌",21208,"Qs",81514
2025,7,"s撬","όKҐ",21,"򕌌",21209,"Hs",68720
2025,7,"s撬","όKҐ",21,"򕌌",21210,"bߎs",113339
2025,7,"s撬","όKҐ",21,"򕌌",21211,"ZΎs",42911
2025,7,"s撬","όKҐ",21,"򕌌",21212,"ys",269031
2025,7,"s撬","όKҐ",21,"򕌌",21213,"es",108686
2025,7,"s撬","όKҐ",21,"򕌌",21214,"s",111579
2025,7,"s撬","όKҐ",21,"򕌌",21215,"Rs",17351
2025,7,"s撬","όKҐ",21,"򕌌",21216,"s",767
2025,7,"s撬","όKҐ",21,"򕌌",21217,"ˎs",73520
2025,7,"s撬","όKҐ",21,"򕌌",21218,"{s",23549
2025,7,"s撬","όKҐ",21,"򕌌",21219,"Ss",225124
2025,7,"s撬","όKҐ",21,"򕌌",21220,"Cs",60231
2025,7,"s撬","όKҐ",21,"򕌌",21221,"CÎs",58835
2025,7,"s撬","όKҐ",21,"򕌌",21303,"}",809
2025,7,"s撬","όKҐ",21,"򕌌",21341,"{V",25048
2025,7,"s撬","όKҐ",21,"򕌌",21361,"䒬",2866
2025,7,"s撬","όKҐ",21,"򕌌",21362,"փ",63160
2025,7,"s撬","όKҐ",21,"򕌌",21381,"_˒",1352
2025,7,"s撬","όKҐ",21,"򕌌",21382,"֔V",86
2025,7,"s撬","όKҐ",21,"򕌌",21383,"",256
2025,7,"s撬","όKҐ",21,"򕌌",21401,"K쒬",63749
2025,7,"s撬","όKҐ",21,"򕌌",21403,"쒬",23360
2025,7,"s撬","όKҐ",21,"򕌌",21404,"rc",21892
2025,7,"s撬","όKҐ",21,"򕌌",21421,"k",497
2025,7,"s撬","όKҐ",21,"򕌌",21501,"j",262
2025,7,"s撬","όKҐ",21,"򕌌",21502,"x",9518
2025,7,"s撬","όKҐ",21,"򕌌",21503,"Ӓ",3998
2025,7,"s撬","όKҐ",21,"򕌌",21504,"@",13629
2025,7,"s撬","όKҐ",21,"򕌌",21505,"SÒ",18331
2025,7,"s撬","όKҐ",21,"򕌌",21506,"쒬",39597
2025,7,"s撬","όKҐ",21,"򕌌",21507,"쑺",12263
2025,7,"s撬","όKҐ",21,"򕌌",21521,"䐓",24265
2025,7,"s撬","όKҐ",21,"򕌌",21604,"쑺",44535
2025,7,"s撬","όKҐ",22,"É",22101,"És",432562
2025,7,"s撬","όKҐ",22,"É",22102,"Ésx͋",274692
2025,7,"s撬","όKҐ",22,"É",22103,"És",372615
2025,7,"s撬","όKҐ",22,"É",22138,"ls",707580
2025,7,"s撬","όKҐ",22,"É",22139,"lsl",591232
2025,7,"s撬","όKҐ",22,"É",22140,"lsV",31035
2025,7,"s撬","όKҐ",22,"É",22203,"Îs",788074
2025,7,"s撬","όKҐ",22,"É",22205,"MCs",185707
2025,7,"s撬","όKҐ",22,"É",22206,"Os",180687
2025,7,"s撬","όKҐ",22,"É",22207,"xm{s",398949
2025,7,"s撬","όKҐ",22,"É",22208,"ɓs",267547
2025,7,"s撬","όKҐ",22,"É",22209,"cs",88462
2025,7,"s撬","όKҐ",22,"É",22210,"xms",372606
2025,7,"s撬","όKҐ",22,"É",22211,"֓cs",255576
2025,7,"s撬","όKҐ",22,"É",22212,"ĒÎs",181518
2025,7,"s撬","όKҐ",22,"É",22213,"|s",423388
2025,7,"s撬","όKҐ",22,"É",22214,"}s",133732
2025,7,"s撬","όKҐ",22,"É",22215,"as",819470
2025,7,"s撬","όKҐ",22,"É",22216,"܈s",146900
2025,7,"s撬","όKҐ",22,"É",22219,"cs",101668
2025,7,"s撬","όKҐ",22,"É",22220,"s",81590
2025,7,"s撬","όKҐ",22,"É",22221,"ΐs",74007
2025,7,"s撬","όKҐ",22,"É",22222,"ɓs",195922
2025,7,"s撬","όKҐ",22,"É",22223,"Os",71506
2025,7,"s撬","όKҐ",22,"É",22224,"es",9654
2025,7,"s撬","όKҐ",22,"É",22225,"ɓ̍s",72154
2025,7,"s撬","όKҐ",22,"É",22226,"qVs",163728
2025,7,"s撬","όKҐ",22,"É",22301,"ɓ",31617
2025,7,"s撬","όKҐ",22,"É",22302,"͒Ò",22882
2025,7,"s撬","όKҐ",22,"É",22304,"ɓ",29783
2025,7,"s撬","όKҐ",22,"É",22305,"蒬",15972
2025,7,"s撬","όKҐ",22,"É",22306,"ɓ",42709
2025,7,"s撬","όKҐ",22,"É",22325,"쒬",163313
2025,7,"s撬","όKҐ",22,"É",22341,"",99201
2025,7,"s撬","όKҐ",22,"É",22342,"",15542
2025,7,"s撬","όKҐ",22,"É",22344,"R",673334
2025,7,"s撬","όKҐ",22,"É",22424,"gc",5216
2025,7,"s撬","όKҐ",22,"É",22429,"썪{",12104
2025,7,"s撬","όKҐ",22,"É",22461,"X",137204
2025,7,"s撬","όKҐ",23,"m",23101,"És",86292
2025,7,"s撬","όKҐ",23,"m",23102,"És",647936
2025,7,"s撬","όKҐ",23,"m",23103,"Ésk",164253
2025,7,"s撬","όKҐ",23,"m",23104,"És",82047
2025,7,"s撬","όKҐ",23,"m",23105,"És",2500912
2025,7,"s撬","όKҐ",23,"m",23106,"És",1376635
2025,7,"s撬","όKҐ",23,"m",23107,"Ésa",65993
2025,7,"s撬","όKҐ",23,"m",23108,"És",22320
2025,7,"s撬","όKҐ",23,"m",23109,"ÉsMc",118637
2025,7,"s撬","όKҐ",23,"m",23110,"És",36564
2025,7,"s撬","όKҐ",23,"m",23111,"És`",336085
2025,7,"s撬","όKҐ",23,"m",23112,"És",14447
2025,7,"s撬","όKҐ",23,"m",23113,"ÉsR",20747
2025,7,"s撬","όKҐ",23,"m",23114,"És΋",15018
2025,7,"s撬","όKҐ",23,"m",23115,"És",12599
2025,7,"s撬","όKҐ",23,"m",23116,"ÉsV",7558
2025,7,"s撬","όKҐ",23,"m",23201,"Ls",146189
2025,7,"s撬","όKҐ",23,"m",23202,"s",441872
2025,7,"s撬","όKҐ",23,"m",23203,"{s",49337
2025,7,"s撬","όKҐ",23,"m",23204,"ˎs",48703
2025,7,"s撬","όKҐ",23,"m",23205,"cs",37387
2025,7,"s撬","όKҐ",23,"m",23206,"ts",65303
2025,7,"s撬","όKҐ",23,"m",23207,"Ls",189537
2025,7,"s撬","όKҐ",23,"m",23208,"Ós",15908
2025,7,"s撬","όKҐ",23,"m",23209,"ɓs",23661
2025,7,"s撬","όKҐ",23,"m",23210,"Js",579546
2025,7,"s撬","όKҐ",23,"m",23211,"Lcs",327312
2025,7,"s撬","όKҐ",23,"m",23212,"s",33730
2025,7,"s撬","όKҐ",23,"m",23213,"s",79315
2025,7,"s撬","όKҐ",23,"m",23214,"Ss",157366
2025,7,"s撬","όKҐ",23,"m",23215,"Rs",104217
2025,7,"s撬","όKҐ",23,"m",23216,"튊s",1125082
2025,7,"s撬","όKҐ",23,"m",23217,"]s",4845
2025,7,"s撬","όKҐ",23,"m",23219,"qs",15590
2025,7,"s撬","όKҐ",23,"m",23220,"s",12978
2025,7,"s撬","όKҐ",23,"m",23221,"Vs",135144
2025,7,"s撬","όKҐ",23,"m",23222,"Cs",34644
2025,7,"s撬","όKҐ",23,"m",23223,"{s",26696
2025,7,"s撬","όKҐ",23,"m",23224,"ms",25644
2025,7,"s撬","όKҐ",23,"m",23225,"ms",9578
2025,7,"s撬","όKҐ",23,"m",23226,"s",4469
2025,7,"s撬","όKҐ",23,"m",23227,"ls",1885
2025,7,"s撬","όKҐ",23,"m",23228,"qs",178
2025,7,"s撬","όKҐ",23,"m",23229,"Ls",8304
2025,7,"s撬","όKҐ",23,"m",23230,"is",103299
2025,7,"s撬","όKҐ",23,"m",23231,"cs",156681
2025,7,"s撬","όKҐ",23,"m",23232,"s",25069
2025,7,"s撬","όKҐ",23,"m",23233,"{s",14046
2025,7,"s撬","όKҐ",23,"m",23234,"kÉs",3342
2025,7,"s撬","όKҐ",23,"m",23235,"xs",8069
2025,7,"s撬","όKҐ",23,"m",23236,"݂悵s",5164
2025,7,"s撬","όKҐ",23,"m",23237,"܎s",4143
2025,7,"s撬","όKҐ",23,"m",23238,"vs",206478
2025,7,"s撬","όKҐ",23,"m",23302,"",2410
2025,7,"s撬","όKҐ",23,"m",23342,"LR",100493
2025,7,"s撬","όKҐ",23,"m",23361,"",354
2025,7,"s撬","όKҐ",23,"m",23362,"}K",603
2025,7,"s撬","όKҐ",23,"m",23424,"厡",373
2025,7,"s撬","όKҐ",23,"m",23425,"I]",6006
2025,7,"s撬","όKҐ",23,"m",23427,"򓇑",3125
2025,7,"s撬","όKҐ",23,"m",23441,"v䒬",2176
2025,7,"s撬","όKҐ",23,"m",23442,"Y",6067
2025,7,"s撬","όKҐ",23,"m",23445,"m",58004
2025,7,"s撬","όKҐ",23,"m",23446,"l",96797
2025,7,"s撬","όKҐ",23,"m",23447,"L",7526
2025,7,"s撬","όKҐ",23,"m",23501,"Kc",52629
2025,7,"s撬","όKҐ",23,"m",23561,"݊y",61621
2025,7,"s撬","όKҐ",23,"m",23562,"h",4348
2025,7,"s撬","όKҐ",23,"m",23563,"L",15846
2025,7,"s撬","όKҐ",24,"Od",24201,"Îs",453248
2025,7,"s撬","όKҐ",24,"Od",24202,"lss",713401
2025,7,"s撬","όKҐ",24,"Od",24203,"ɐs",458393
2025,7,"s撬","όKҐ",24,"Od",24204,"s",200400
2025,7,"s撬","όKҐ",24,"Od",24205,"Ks",485695
2025,7,"s撬","όKҐ",24,"Od",24207,"鎭s",413359
2025,7,"s撬","όKҐ",24,"Od",24208,"s",59338
2025,7,"s撬","όKҐ",24,"Od",24209,"hs",29727
2025,7,"s撬","όKҐ",24,"Od",24210,"TRs",318173
2025,7,"s撬","όKҐ",24,"Od",24211,"Hs",316263
2025,7,"s撬","όKҐ",24,"Od",24212,"Fs",34892
2025,7,"s撬","όKҐ",24,"Od",24214,"Ȃ׎s",51238
2025,7,"s撬","όKҐ",24,"Od",24215,"us",255691
2025,7,"s撬","όKҐ",24,"Od",24216,"ɉs",321097
2025,7,"s撬","όKҐ",24,"Od",24303,"ؑ]",612
2025,7,"s撬","όKҐ",24,"Od",24324,"",56154
2025,7,"s撬","όKҐ",24,"Od",24341,"Ԗ쒬",66690
2025,7,"s撬","όKҐ",24,"Od",24343,"",6475
2025,7,"s撬","όKҐ",24,"Od",24344,"z",1442
2025,7,"s撬","όKҐ",24,"Od",24441,"C",74603
2025,7,"s撬","όKҐ",24,"Od",24442,"a",51647
2025,7,"s撬","όKҐ",24,"Od",24443,"䒬",54125
2025,7,"s撬","όKҐ",24,"Od",24461,"ʏ钬",4419
2025,7,"s撬","όKҐ",24,"Od",24470,"x",4132
2025,7,"s撬","όKҐ",24,"Od",24471,"I",11702
2025,7,"s撬","όKҐ",24,"Od",24472,"ɐ",7472
2025,7,"s撬","όKҐ",24,"Od",24543,"Ik",67030
2025,7,"s撬","όKҐ",24,"Od",24561,"l",22173
2025,7,"s撬","όKҐ",24,"Od",24562,"I",14365
2025,7,"s撬","όKҐ",25,"ꌧ",25201,"Îs",416712
2025,7,"s撬","όKҐ",25,"ꌧ",25202,"Fs",153585
2025,7,"s撬","όKҐ",25,"ꌧ",25203,"ls",160090
2025,7,"s撬","όKҐ",25,"ꌧ",25204,"ߍ]s",141981
2025,7,"s撬","όKҐ",25,"ꌧ",25206,"Îs",161147
2025,7,"s撬","όKҐ",25,"ꌧ",25207,"Rs",69160
2025,7,"s撬","όKҐ",25,"ꌧ",25208,"Is",39933
2025,7,"s撬","όKҐ",25,"ꌧ",25209,"bs",174856
2025,7,"s撬","όKҐ",25,"ꌧ",25210,"Fs",56061
2025,7,"s撬","όKҐ",25,"ꌧ",25211,"Γs",14172
2025,7,"s撬","όKҐ",25,"ꌧ",25212,"s",172474
2025,7,"s撬","όKҐ",25,"ꌧ",25213,"ߍ]s",111509
2025,7,"s撬","όKҐ",25,"ꌧ",25214,"Čs",100207
2025,7,"s撬","όKҐ",25,"ꌧ",25383,"쒬",29011
2025,7,"s撬","όKҐ",25,"ꌧ",25384,"",35763
2025,7,"s撬","όKҐ",25,"ꌧ",25425,"",5197
2025,7,"s撬","όKҐ",25,"ꌧ",25441,"L",2879
2025,7,"s撬","όKҐ",25,"ꌧ",25442,"bǒ",22860
2025,7,"s撬","όKҐ",25,"ꌧ",25443,"꒬",15338
2025,7,"s撬","όKҐ",26,"s{",26101,"ssk",74797
2025,7,"s撬","όKҐ",26,"s{",26102,"ss㋞",98104
2025,7,"s撬","όKҐ",26,"s{",26103,"ss",423886
2025,7,"s撬","όKҐ",26,"s{",26104,"ss",134152
2025,7,"s撬","όKҐ",26,"s{",26105,"ssR",304376
2025,7,"s撬","όKҐ",26,"s{",26106,"ss",262631
2025,7,"s撬","όKҐ",26,"s{",26107,"ss",61161
2025,7,"s撬","όKҐ",26,"s{",26108,"ssE",135499
2025,7,"s撬","όKҐ",26,"s{",26109,"ss",128631
2025,7,"s撬","όKҐ",26,"s{",26110,"ssRȋ",10835
2025,7,"s撬","όKҐ",26,"s{",26111,"ss",27509
2025,7,"s撬","όKҐ",26,"s{",26201,"mRs",26199
2025,7,"s撬","όKҐ",26,"s{",26202,"ߎs",63259
2025,7,"s撬","όKҐ",26,"s{",26203,"s",14289
2025,7,"s撬","όKҐ",26,"s{",26204,"Fs",126577
2025,7,"s撬","όKҐ",26,"s{",26205,"{Îs",72469
2025,7,"s撬","όKҐ",26,"s{",26206,"Ts",61617
2025,7,"s撬","όKҐ",26,"s{",26207,"zs",9456
2025,7,"s撬","όKҐ",26,"s{",26208,"s",2243
2025,7,"s撬","όKҐ",26,"s{",26209,"s",19531
2025,7,"s撬","όKҐ",26,"s{",26210,"s",16773
2025,7,"s撬","όKҐ",26,"s{",26211,"cӎs",8187
2025,7,"s撬","όKҐ",26,"s{",26212,"Os",69219
2025,7,"s撬","όKҐ",26,"s{",26213,"Os",64442
2025,7,"s撬","όKҐ",26,"s{",26214,"ؒÐs",23150
2025,7,"s撬","όKҐ",26,"s{",26303,"R蒬",3956
2025,7,"s撬","όKҐ",26,"s{",26322,"vR",6547
2025,7,"s撬","όKҐ",26,"s{",26343,"蒬",164
2025,7,"s撬","όKҐ",26,"s{",26344,"Fc",8494
2025,7,"s撬","όKҐ",26,"s{",26364,"}u",9441
2025,7,"s撬","όKҐ",26,"s{",26365,"a",7972
2025,7,"s撬","όKҐ",26,"s{",26366,"ؒ",1237
2025,7,"s撬","όKҐ",26,"s{",26367,"R鑺",56799
2025,7,"s撬","όKҐ",26,"s{",26407,"Og",192859
2025,7,"s撬","όKҐ",26,"s{",26463,"ɍ",22580
2025,7,"s撬","όKҐ",26,"s{",26465,"^Ӗ쒬",8546
2025,7,"s撬","όKҐ",27,"{",27102,"ss",65025
2025,7,"s撬","όKҐ",27,"{",27103,"s",45468
2025,7,"s撬","όKҐ",27,"{",27104,"sԋ",637652
2025,7,"s撬","όKҐ",27,"{",27106,"s",475465
2025,7,"s撬","όKҐ",27,"{",27107,"s`",152346
2025,7,"s撬","όKҐ",27,"{",27108,"s吳",10168
2025,7,"s撬","όKҐ",27,"{",27109,"sV",259381
2025,7,"s撬","όKҐ",27,"{",27111,"sQ",160234
2025,7,"s撬","όKҐ",27,"{",27113,"s",11410
2025,7,"s撬","όKҐ",27,"{",27114,"s",4308
2025,7,"s撬","όKҐ",27,"{",27115,"s",5440
2025,7,"s撬","όKҐ",27,"{",27116,"s",6145
2025,7,"s撬","όKҐ",27,"{",27117,"s",7945
2025,7,"s撬","όKҐ",27,"{",27118,"s铌",7999
2025,7,"s撬","όKҐ",27,"{",27119,"s{",8666
2025,7,"s撬","όKҐ",27,"{",27120,"sZg",30872
2025,7,"s撬","όKҐ",27,"{",27121,"sZg",50707
2025,7,"s撬","όKҐ",27,"{",27122,"s",8240
2025,7,"s撬","όKҐ",27,"{",27123,"s",53380
2025,7,"s撬","όKҐ",27,"{",27124,"sߌ",32805
2025,7,"s撬","όKҐ",27,"{",27125,"sZV]",272192
2025,7,"s撬","όKҐ",27,"{",27126,"s",5958
2025,7,"s撬","όKҐ",27,"{",27127,"sk",622515
2025,7,"s撬","όKҐ",27,"{",27128,"s",1031550
2025,7,"s撬","όKҐ",27,"{",27141,"s",85199
2025,7,"s撬","όKҐ",27,"{",27142,"s",10441
2025,7,"s撬","όKҐ",27,"{",27143,"s",5716
2025,7,"s撬","όKҐ",27,"{",27144,"s",15203
2025,7,"s撬","όKҐ",27,"{",27145,"s",32072
2025,7,"s撬","όKҐ",27,"{",27146,"sk",10041
2025,7,"s撬","όKҐ",27,"{",27147,"s",3274
2025,7,"s撬","όKҐ",27,"{",27202,"ݘacs",128777
2025,7,"s撬","όKҐ",27,"{",27203,"Ls",47344
2025,7,"s撬","όKҐ",27,"{",27204,"rcs",46409
2025,7,"s撬","όKҐ",27,"{",27205,"cs",294280
2025,7,"s撬","όKҐ",27,"{",27206,"Îs",10467
2025,7,"s撬","όKҐ",27,"{",27207,"Ύs",73859
2025,7,"s撬","όKҐ",27,"{",27208,"Lˎs",18282
2025,7,"s撬","όKҐ",27,"{",27209,"s",8256
2025,7,"s撬","όKҐ",27,"{",27210,"s",207697
2025,7,"s撬","όKҐ",27,"{",27211,"؎s",40952
2025,7,"s撬","όKҐ",27,"{",27212,"s",96474
2025,7,"s撬","όKҐ",27,"{",27213,"򍲖s",89647
2025,7,"s撬","όKҐ",27,"{",27214,"xcюs",14245
2025,7,"s撬","όKҐ",27,"{",27215,"Qs",23267
2025,7,"s撬","όKҐ",27,"{",27216,"͓s",24463
2025,7,"s撬","όKҐ",27,"{",27217,"s",4239
2025,7,"s撬","όKҐ",27,"{",27218,"哌s",11313
2025,7,"s撬","όKҐ",27,"{",27219,"as",169880
2025,7,"s撬","όKҐ",27,"{",27220,"ʎs",34016
2025,7,"s撬","όKҐ",27,"{",27221,"s",2188
2025,7,"s撬","όKҐ",27,"{",27222,"Hgs",16655
2025,7,"s撬","όKҐ",27,"{",27223,"^s",11069
2025,7,"s撬","όKҐ",27,"{",27224,"ےÎs",3782
2025,7,"s撬","όKҐ",27,"{",27225,"Ύs",33732
2025,7,"s撬","όKҐ",27,"{",27226,"䎛s",19585
2025,7,"s撬","όKҐ",27,"{",27227,"s",145194
2025,7,"s撬","όKҐ",27,"{",27228,"s",116908
2025,7,"s撬","όKҐ",27,"{",27229,"ls",51583
2025,7,"s撬","όKҐ",27,"{",27230,"s",12526
2025,7,"s撬","όKҐ",27,"{",27231,"㋷Rs",4915
2025,7,"s撬","όKҐ",27,"{",27232,"s",8490
2025,7,"s撬","όKҐ",27,"{",27301,"{",8297
2025,7,"s撬","όKҐ",27,"{",27321,"L\",1089
2025,7,"s撬","όKҐ",27,"{",27322,"\",22302
2025,7,"s撬","όKҐ",27,"{",27341,"",700
2025,7,"s撬","όKҐ",27,"{",27361,"F撬",440
2025,7,"s撬","όKҐ",27,"{",27362,"cK",1542
2025,7,"s撬","όKҐ",27,"{",27366,"",40061
2025,7,"s撬","όKҐ",27,"{",27381,"q",5472
2025,7,"s撬","όKҐ",27,"{",27382,"͓쒬",11890
2025,7,"s撬","όKҐ",27,"{",27383,"瑁ԍ㑺",4559
2025,7,"s撬","όKҐ",28,"Ɍ",28101,"_ˎs",45843
2025,7,"s撬","όKҐ",28,"Ɍ",28102,"_ˎs",50906
2025,7,"s撬","όKҐ",28,"Ɍ",28105,"_ˎsɋ",105348
2025,7,"s撬","όKҐ",28,"Ɍ",28106,"_ˎsc",32281
2025,7,"s撬","όKҐ",28,"Ɍ",28107,"_ˎs{",262065
2025,7,"s撬","όKҐ",28,"Ɍ",28108,"_ˎs",57838
2025,7,"s撬","όKҐ",28,"Ɍ",28109,"_ˎsk",197513
2025,7,"s撬","όKҐ",28,"Ɍ",28110,"_ˎs",608591
2025,7,"s撬","όKҐ",28,"Ɍ",28111,"_ˎs",92276
2025,7,"s撬","όKҐ",28,"Ɍ",28201,"PHs",215876
2025,7,"s撬","όKҐ",28,"Ɍ",28202,"s",134400
2025,7,"s撬","όKҐ",28,"Ɍ",28203,"Ύs",56277
2025,7,"s撬","όKҐ",28,"Ɍ",28204,"{s",641755
2025,7,"s撬","όKҐ",28,"Ɍ",28205,"F{s",47822
2025,7,"s撬","όKҐ",28,"Ɍ",28206,"s",16672
2025,7,"s撬","όKҐ",28,"Ɍ",28207,"ɒOs",23844
2025,7,"s撬","όKҐ",28,"Ɍ",28208,"s",14538
2025,7,"s撬","όKҐ",28,"Ɍ",28209,"Ls",91049
2025,7,"s撬","όKҐ",28,"Ɍ",28210,"Ðs",40238
2025,7,"s撬","όKҐ",28,"Ɍ",28212,"ԕs",22421
2025,7,"s撬","όKҐ",28,"Ɍ",28213,"es",22048
2025,7,"s撬","όKҐ",28,"Ɍ",28214,"ˎs",146547
2025,7,"s撬","όKҐ",28,"Ɍ",28215,"O؎s",607771
2025,7,"s撬","όKҐ",28,"Ɍ",28216,"s",15659
2025,7,"s撬","όKҐ",28,"Ɍ",28217,"쐼s",24132
2025,7,"s撬","όKҐ",28,"Ɍ",28218,"s",42085
2025,7,"s撬","όKҐ",28,"Ɍ",28219,"Ocs",41777
2025,7,"s撬","όKҐ",28,"Ɍ",28220,"s",28073
2025,7,"s撬","όKҐ",28,"Ɍ",28221,"OgRs",36632
2025,7,"s撬","όKҐ",28,"Ɍ",28222,"{s",38904
2025,7,"s撬","όKҐ",28,"Ɍ",28223,"Ogs",43201
2025,7,"s撬","όKҐ",28,"Ɍ",28224,"삠킶s",109676
2025,7,"s撬","όKҐ",28,"Ɍ",28225,"s",110861
2025,7,"s撬","όKҐ",28,"Ɍ",28226,"WHs",419299
2025,7,"s撬","όKҐ",28,"Ɍ",28227,"s",37515
2025,7,"s撬","όKҐ",28,"Ɍ",28228,"s",156465
2025,7,"s撬","όKҐ",28,"Ɍ",28229,"̎s",42580
2025,7,"s撬","όKҐ",28,"Ɍ",28301,"쒬",21428
2025,7,"s撬","όKҐ",28,"Ɍ",28365,"",26083
2025,7,"s撬","όKҐ",28,"Ɍ",28381,"",2664
2025,7,"s撬","όKҐ",28,"Ɍ",28382,"d",3102
2025,7,"s撬","όKҐ",28,"Ɍ",28442,"s쒬",12531
2025,7,"s撬","όKҐ",28,"Ɍ",28443,"蒬",8949
2025,7,"s撬","όKҐ",28,"Ɍ",28446,"_͒",19374
2025,7,"s撬","όKҐ",28,"Ɍ",28464,"q",4855
2025,7,"s撬","όKҐ",28,"Ɍ",28481,"S",13925
2025,7,"s撬","όKҐ",28,"Ɍ",28501,"p",32948
2025,7,"s撬","όKҐ",28,"Ɍ",28585,"",45410
2025,7,"s撬","όKҐ",28,"Ɍ",28586,"V",33787
2025,7,"s撬","όKҐ",29,"ޗǌ",29201,"ޗǎs",393249
2025,7,"s撬","όKҐ",29,"ޗǌ",29202,"acs",5786
2025,7,"s撬","όKҐ",29,"ޗǌ",29203,"aSRs",10913
2025,7,"s撬","όKҐ",29,"ޗǌ",29204,"Vs",81530
2025,7,"s撬","όKҐ",29,"ޗǌ",29205,"s",75042
2025,7,"s撬","όKҐ",29,"ޗǌ",29206,"s",52242
2025,7,"s撬","όKҐ",29,"ޗǌ",29207,"ܞs",33072
2025,7,"s撬","όKҐ",29,"ޗǌ",29208,"䏊s",12559
2025,7,"s撬","όKҐ",29,"ޗǌ",29209,"s",20130
2025,7,"s撬","όKҐ",29,"ޗǌ",29210,"Ŏs",2617
2025,7,"s撬","όKҐ",29,"ޗǌ",29211,"s",36829
2025,7,"s撬","όKҐ",29,"ޗǌ",29212,"FɎs",58318
2025,7,"s撬","όKҐ",29,"ޗǌ",29322,"RY",7817
2025,7,"s撬","όKҐ",29,"ޗǌ",29342,"Q",5763
2025,7,"s撬","όKҐ",29,"ޗǌ",29343,"O",9844
2025,7,"s撬","όKҐ",29,"ޗǌ",29344,"",20016
2025,7,"s撬","όKҐ",29,"ޗǌ",29345,"g",563
2025,7,"s撬","όKҐ",29,"ޗǌ",29361,"쐼",5983
2025,7,"s撬","όKҐ",29,"ޗǌ",29362,"O",252
2025,7,"s撬","όKҐ",29,"ޗǌ",29363,"c{",15812
2025,7,"s撬","όKҐ",29,"ޗǌ",29385,"]",9286
2025,7,"s撬","όKҐ",29,"ޗǌ",29386,"",12575
2025,7,"s撬","όKҐ",29,"ޗǌ",29401,"撬",11964
2025,7,"s撬","όKҐ",29,"ޗǌ",29402,"",29304
2025,7,"s撬","όKҐ",29,"ޗǌ",29424,"q",2975
2025,7,"s撬","όKҐ",29,"ޗǌ",29425,"",1184
2025,7,"s撬","όKҐ",29,"ޗǌ",29426,"L˒",7963
2025,7,"s撬","όKҐ",29,"ޗǌ",29427,"͍",875
2025,7,"s撬","όKҐ",29,"ޗǌ",29441,"g쒬",21867
2025,7,"s撬","όKҐ",29,"ޗǌ",29442,"嗄",22375
2025,7,"s撬","όKҐ",29,"ޗǌ",29443,"s",4812
2025,7,"s撬","όKҐ",29,"ޗǌ",29444,"ꑺ",49494
2025,7,"s撬","όKҐ",29,"ޗǌ",29446,"V쑺",29881
2025,7,"s撬","όKҐ",29,"ޗǌ",29447,"씗쑺",2113
2025,7,"s撬","όKҐ",29,"ޗǌ",29449,"\Ð쑺",25457
2025,7,"s撬","όKҐ",29,"ޗǌ",29450,"kR",10927
2025,7,"s撬","όKҐ",29,"ޗǌ",29451,"kR",26184
2025,7,"s撬","όKҐ",29,"ޗǌ",29452,"㑺",12244
2025,7,"s撬","όKҐ",29,"ޗǌ",29453,"g쑺",4965
2025,7,"s撬","όKҐ",30,"a̎R",30201,"a̎Rs",698487
2025,7,"s撬","όKҐ",30,"a̎R",30202,"Cs",65060
2025,7,"s撬","όKҐ",30,"a̎R",30203,"{s",99445
2025,7,"s撬","όKҐ",30,"a̎R",30204,"Lcs",30742
2025,7,"s撬","όKҐ",30,"a̎R",30205,"Vs",28659
2025,7,"s撬","όKҐ",30,"a̎R",30206,"cӎs",143491
2025,7,"s撬","όKҐ",30,"a̎R",30207,"V{s",59925
2025,7,"s撬","όKҐ",30,"a̎R",30208,"I̐s",118342
2025,7,"s撬","όKҐ",30,"a̎R",30209,"os",28708
2025,7,"s撬","όKҐ",30,"a̎R",30304,"I쒬",5703
2025,7,"s撬","όKҐ",30,"a̎R",30341,"炬",130723
2025,7,"s撬","όKҐ",30,"a̎R",30343,"xR",35108
2025,7,"s撬","όKҐ",30,"a̎R",30344,"쒬",80967
2025,7,"s撬","όKҐ",30,"a̎R",30361,"",15277
2025,7,"s撬","όKҐ",30,"a̎R",30362,"L쒬",6618
2025,7,"s撬","όKҐ",30,"a̎R",30366,"Lc쒬",90159
2025,7,"s撬","όKҐ",30,"a̎R",30381,"l",3287
2025,7,"s撬","όKҐ",30,"a̎R",30382,"",8770
2025,7,"s撬","όKҐ",30,"a̎R",30383,"Rǒ",18947
2025,7,"s撬","όKҐ",30,"a̎R",30390,"쒬",7415
2025,7,"s撬","όKҐ",30,"a̎R",30391,"݂Ȃג",35846
2025,7,"s撬","όKҐ",30,"a̎R",30392,"쒬",20408
2025,7,"s撬","όKҐ",30,"a̎R",30401,"l",314577
2025,7,"s撬","όKҐ",30,"a̎R",30404,"xc",22089
2025,7,"s撬","όKҐ",30,"a̎R",30406,"ݒ",57965
2025,7,"s撬","όKҐ",30,"a̎R",30421,"ߒqY",97159
2025,7,"s撬","όKҐ",30,"a̎R",30422,"n",19204
2025,7,"s撬","όKҐ",30,"a̎R",30424,"Í쒬",2323
2025,7,"s撬","όKҐ",30,"a̎R",30427,"kR",10651
2025,7,"s撬","όKҐ",30,"a̎R",30428,"{",91688
2025,7,"s撬","όKҐ",31,"挧",31201,"s",445504
2025,7,"s撬","όKҐ",31,"挧",31202,"Ďqs",198189
2025,7,"s撬","όKҐ",31,"挧",31203,"qgs",63947
2025,7,"s撬","όKҐ",31,"挧",31204,"`s",62630
2025,7,"s撬","όKҐ",31,"挧",31302,"",47602
2025,7,"s撬","όKҐ",31,"挧",31325,"",13982
2025,7,"s撬","όKҐ",31,"挧",31328,"q",5020
2025,7,"s撬","όKҐ",31,"挧",31329,"",17439
2025,7,"s撬","όKҐ",31,"挧",31364,"O",69313
2025,7,"s撬","όKҐ",31,"挧",31370,"l",57896
2025,7,"s撬","όKҐ",31,"挧",31371,"ՉY",46640
2025,7,"s撬","όKҐ",31,"挧",31372,"kh",63699
2025,7,"s撬","όKҐ",31,"挧",31384,"gÑ",178
2025,7,"s撬","όKҐ",31,"挧",31386,"R",43884
2025,7,"s撬","όKҐ",31,"挧",31389,"암",11593
2025,7,"s撬","όKҐ",31,"挧",31390,"˒",44716
2025,7,"s撬","όKҐ",31,"挧",31401,"쒬",14357
2025,7,"s撬","όKҐ",31,"挧",31402,"쒬",5818
2025,7,"s撬","όKҐ",31,"挧",31403,"]{",14113
2025,7,"s撬","όKҐ",32,"",32201,"]s",207675
2025,7,"s撬","όKҐ",32,"",32202,"lcs",82368
2025,7,"s撬","όKҐ",32,"",32203,"o_s",249201
2025,7,"s撬","όKҐ",32,"",32204,"vcs",21400
2025,7,"s撬","όKҐ",32,"",32205,"cs",28462
2025,7,"s撬","όKҐ",32,"",32206,"s",48001
2025,7,"s撬","όKҐ",32,"",32207,"]Îs",56385
2025,7,"s撬","όKҐ",32,"",32209,"_s",57072
2025,7,"s撬","όKҐ",32,"",32343,"o_",22517
2025,7,"s撬","όKҐ",32,"",32386,"ѓ쒬",8396
2025,7,"s撬","όKҐ",32,"",32441,"{",7786
2025,7,"s撬","όKҐ",32,"",32448,"",5975
2025,7,"s撬","όKҐ",32,"",32449,"W쒬",11044
2025,7,"s撬","όKҐ",32,"",32501,"Øa쒬",25360
2025,7,"s撬","όKҐ",32,"",32505,"g꒬",14271
2025,7,"s撬","όKҐ",32,"",32525,"Cm",1646
2025,7,"s撬","όKҐ",32,"",32526,"m",2461
2025,7,"s撬","όKҐ",32,"",32528,"B̓",10923
2025,7,"s撬","όKҐ",33,"R",33101,"Rsk",604073
2025,7,"s撬","όKҐ",33,"R",33102,"Rs",9710
2025,7,"s撬","όKҐ",33,"R",33103,"Rs",10324
2025,7,"s撬","όKҐ",33,"R",33104,"Rs",32020
2025,7,"s撬","όKҐ",33,"R",33202,"q~s",203354
2025,7,"s撬","όKҐ",33,"R",33203,"ÎRs",48909
2025,7,"s撬","όKҐ",33,"R",33204,"ʖs",51487
2025,7,"s撬","όKҐ",33,"R",33205,"}s",60849
2025,7,"s撬","όKҐ",33,"R",33207,"䌴s",34484
2025,7,"s撬","όKҐ",33,"R",33208,"Ўs",41257
2025,7,"s撬","όKҐ",33,"R",33209,"s",24653
2025,7,"s撬","όKҐ",33,"R",33210,"Vs",27406
2025,7,"s撬","όKҐ",33,"R",33211,"Os",19481
2025,7,"s撬","όKҐ",33,"R",33212,"˓s",77843
2025,7,"s撬","όKҐ",33,"R",33213,"Ԕ֎s",33955
2025,7,"s撬","όKҐ",33,"R",33214,"^s",268110
2025,7,"s撬","όKҐ",33,"R",33215,"s",71104
2025,7,"s撬","όKҐ",33,"R",33216,"s",21960
2025,7,"s撬","όKҐ",33,"R",33346,"aC",11894
2025,7,"s撬","όKҐ",33,"R",33423,"",8674
2025,7,"s撬","όKҐ",33,"R",33445,"",1491
2025,7,"s撬","όKҐ",33,"R",33461,"|",7460
2025,7,"s撬","όKҐ",33,"R",33586,"V",12121
2025,7,"s撬","όKҐ",33,"R",33606,"쒬",28275
2025,7,"s撬","όKҐ",33,"R",33622,"",94651
2025,7,"s撬","όKҐ",33,"R",33623,"ދ`",5135
2025,7,"s撬","όKҐ",33,"R",33643,"q",18742
2025,7,"s撬","όKҐ",33,"R",33663,"vē쒬",9612
2025,7,"s撬","όKҐ",33,"R",33666,"璬",15617
2025,7,"s撬","όKҐ",33,"R",33681,"g",43717
2025,7,"s撬","όKҐ",34,"L",34101,"Ls",351703
2025,7,"s撬","όKҐ",34,"L",34102,"Ls",23388
2025,7,"s撬","όKҐ",34,"L",34103,"Ls",280270
2025,7,"s撬","όKҐ",34,"L",34104,"Ls",29577
2025,7,"s撬","όKҐ",34,"L",34105,"Ls",43533
2025,7,"s撬","όKҐ",34,"L",34106,"Lsk",7721
2025,7,"s撬","όKҐ",34,"L",34107,"Ls|",2229
2025,7,"s撬","όKҐ",34,"L",34108,"Ls",17182
2025,7,"s撬","όKҐ",34,"L",34202,"s",91923
2025,7,"s撬","όKҐ",34,"L",34203,"|s",34381
2025,7,"s撬","όKҐ",34,"L",34204,"Os",122683
2025,7,"s撬","όKҐ",34,"L",34205,"s",96112
2025,7,"s撬","όKҐ",34,"L",34207,"Rs",849712
2025,7,"s撬","όKҐ",34,"L",34208,"{s",9214
2025,7,"s撬","όKҐ",34,"L",34209,"Os",75795
2025,7,"s撬","όKҐ",34,"L",34210,"s",82284
2025,7,"s撬","όKҐ",34,"L",34211,"|s",67981
2025,7,"s撬","όKҐ",34,"L",34212,"Ls",178657
2025,7,"s撬","όKҐ",34,"L",34213,"ss",321535
2025,7,"s撬","όKҐ",34,"L",34214,"|cs",31972
2025,7,"s撬","όKҐ",34,"L",34215,"]cs",6310
2025,7,"s撬","όKҐ",34,"L",34302,"{",1137
2025,7,"s撬","όKҐ",34,"L",34304,"Cc",484
2025,7,"s撬","όKҐ",34,"L",34307,"F쒬",238
2025,7,"s撬","όKҐ",34,"L",34309,"⒬",10417
2025,7,"s撬","όKҐ",34,"L",34368,"|c",15508
2025,7,"s撬","όKҐ",34,"L",34369,"kL",45056
2025,7,"s撬","όKҐ",34,"L",34431,"㓇",1686
2025,7,"s撬","όKҐ",34,"L",34462,"",60242
2025,7,"s撬","όKҐ",34,"L",34545,"_΍",31142
2025,7,"s撬","όKҐ",35,"R",35201,"֎s",234557
2025,7,"s撬","όKҐ",35,"R",35202,"Fs",124160
2025,7,"s撬","όKҐ",35,"R",35203,"Rs",164877
2025,7,"s撬","όKҐ",35,"R",35204,"s",177236
2025,7,"s撬","όKҐ",35,"R",35206,"h{s",47891
2025,7,"s撬","όKҐ",35,"R",35207,"s",27429
2025,7,"s撬","όKҐ",35,"R",35208,"⍑s",78066
2025,7,"s撬","όKҐ",35,"R",35210,"s",15489
2025,7,"s撬","όKҐ",35,"R",35211,"s",55333
2025,7,"s撬","όKҐ",35,"R",35212,"s",26826
2025,7,"s撬","όKҐ",35,"R",35213,"Is",46150
2025,7,"s撬","όKҐ",35,"R",35215,"s",86519
2025,7,"s撬","όKҐ",35,"R",35216,"Rzcs",118979
2025,7,"s撬","όKҐ",35,"R",35305,"h哇",35535
2025,7,"s撬","όKҐ",35,"R",35321,"aؒ",4522
2025,7,"s撬","όKҐ",35,"R",35341,"֒",11843
2025,7,"s撬","όKҐ",35,"R",35343,"cz{",1504
2025,7,"s撬","όKҐ",35,"R",35344,"",402
2025,7,"s撬","όKҐ",35,"R",35502,"",40558
2025,7,"s撬","όKҐ",36,"",36201,"s",98318
2025,7,"s撬","όKҐ",36,"",36202,"s",212861
2025,7,"s撬","όKҐ",36,"",36203,"s",22071
2025,7,"s撬","όKҐ",36,"",36204,"s",32749
2025,7,"s撬","όKҐ",36,"",36205,"gs",15316
2025,7,"s撬","όKҐ",36,"",36206,"gs",19741
2025,7,"s撬","όKҐ",36,"",36207,"ns",29276
2025,7,"s撬","όKҐ",36,"",36208,"ODs",101176
2025,7,"s撬","όKҐ",36,"",36301,"Y",6652
2025,7,"s撬","όKҐ",36,"",36302,"㏟",2168
2025,7,"s撬","όKҐ",36,"",36341,"Έ䒬",3403
2025,7,"s撬","όKҐ",36,"",36342,"_R",8145
2025,7,"s撬","όKҐ",36,"",36368,"߉꒬",24389
2025,7,"s撬","όKҐ",36,"",36383,"",2280
2025,7,"s撬","όKҐ",36,"",36387,"g",25555
2025,7,"s撬","όKҐ",36,"",36388,"Cz",16155
2025,7,"s撬","όKҐ",36,"",36401,"Β",8551
2025,7,"s撬","όKҐ",36,"",36402,"k",1649
2025,7,"s撬","όKҐ",36,"",36403,"Z",3371
2025,7,"s撬","όKҐ",36,"",36404,"쒬",35082
2025,7,"s撬","όKҐ",36,"",36405,"",18847
2025,7,"s撬","όKҐ",36,"",36468,"邬",13582
2025,7,"s撬","όKҐ",36,"",36489,"݂悵",19472
2025,7,"s撬","όKҐ",37,"쌧",37201,"s",208953
2025,7,"s撬","όKҐ",37,"쌧",37202,"ۋTs",152974
2025,7,"s撬","όKҐ",37,"쌧",37203,"os",174768
2025,7,"s撬","όKҐ",37,"쌧",37204,"Pʎs",13202
2025,7,"s撬","όKҐ",37,"쌧",37205,"ωs",50289
2025,7,"s撬","όKҐ",37,"쌧",37206,"ʂs",44599
2025,7,"s撬","όKҐ",37,"쌧",37207,"s",36479
2025,7,"s撬","όKҐ",37,"쌧",37208,"OLs",65756
2025,7,"s撬","όKҐ",37,"쌧",37322,"y",23233
2025,7,"s撬","όKҐ",37,"쌧",37324,"",50873
2025,7,"s撬","όKҐ",37,"쌧",37341,"Oؒ",5383
2025,7,"s撬","όKҐ",37,"쌧",37364,"",10617
2025,7,"s撬","όKҐ",37,"쌧",37386,"FÒ",56440
2025,7,"s撬","όKҐ",37,"쌧",37387,"쒬",20008
2025,7,"s撬","όKҐ",37,"쌧",37403,"Օ",31722
2025,7,"s撬","όKҐ",37,"쌧",37404,"xÒ",25868
2025,7,"s撬","όKҐ",37,"쌧",37406,"܂̂",26527
2025,7,"s撬","όKҐ",38,"Q",38201,"Rs",339815
2025,7,"s撬","όKҐ",38,"Q",38202,"s",190791
2025,7,"s撬","όKҐ",38,"Q",38203,"Fas",58257
2025,7,"s撬","όKҐ",38,"Q",38204,"ls",40946
2025,7,"s撬","όKҐ",38,"Q",38205,"Vls",42058
2025,7,"s撬","όKҐ",38,"Q",38206,"s",55530
2025,7,"s撬","όKҐ",38,"Q",38207,"Fs",28432
2025,7,"s撬","όKҐ",38,"Q",38210,"ɗ\s",54622
2025,7,"s撬","όKҐ",38,"Q",38213,"ls",40701
2025,7,"s撬","όKҐ",38,"Q",38214,"\s",37902
2025,7,"s撬","όKҐ",38,"Q",38215,"s",17048
2025,7,"s撬","όKҐ",38,"Q",38356,"㓇",4821
2025,7,"s撬","όKҐ",38,"Q",38386,"v",59068
2025,7,"s撬","όKҐ",38,"Q",38401,"O",136340
2025,7,"s撬","όKҐ",38,"Q",38402,"u",11221
2025,7,"s撬","όKҐ",38,"Q",38422,"q",40319
2025,7,"s撬","όKҐ",38,"Q",38442,"ɕ",28322
2025,7,"s撬","όKҐ",38,"Q",38484,"쒬",7669
2025,7,"s撬","όKҐ",38,"Q",38488,"Sk",15412
2025,7,"s撬","όKҐ",38,"Q",38506,"쒬",27278
2025,7,"s撬","όKҐ",39,"m",39201,"ms",255405
2025,7,"s撬","όKҐ",39,"m",39202,"ˎs",22041
2025,7,"s撬","όKҐ",39,"m",39203,"|s",10072
2025,7,"s撬","όKҐ",39,"m",39204,"썑s",35780
2025,7,"s撬","όKҐ",39,"m",39205,"ys",13605
2025,7,"s撬","όKҐ",39,"m",39206,"{s",22128
2025,7,"s撬","όKҐ",39,"m",39208,"hюs",6263
2025,7,"s撬","όKҐ",39,"m",39209,"ys",23992
2025,7,"s撬","όKҐ",39,"m",39210,"l\s",35851
2025,7,"s撬","όKҐ",39,"m",39211,"s",29098
2025,7,"s撬","όKҐ",39,"m",39212,"s",44248
2025,7,"s撬","όKҐ",39,"m",39301,"m",11807
2025,7,"s撬","όKҐ",39,"m",39302,"ޔ",2962
2025,7,"s撬","όKҐ",39,"m",39303,"c쒬",8035
2025,7,"s撬","όKҐ",39,"m",39304,"c",3573
2025,7,"s撬","όKҐ",39,"m",39305,"k쑺",14138
2025,7,"s撬","όKҐ",39,"m",39306,"nH",1942
2025,7,"s撬","όKҐ",39,"m",39307,"|",14466
2025,7,"s撬","όKҐ",39,"m",39341,"{R",5059
2025,7,"s撬","όKҐ",39,"m",39344,"L",9310
2025,7,"s撬","όKҐ",39,"m",39363,"y",11012
2025,7,"s撬","όKҐ",39,"m",39364,"쑺",854
2025,7,"s撬","όKҐ",39,"m",39386,"̒",27637
2025,7,"s撬","όKҐ",39,"m",39387,"m쒬",16264
2025,7,"s撬","όKҐ",39,"m",39401,"y",26343
2025,7,"s撬","όKҐ",39,"m",39402,"쒬",12093
2025,7,"s撬","όKҐ",39,"m",39403,"zm",4518
2025,7,"s撬","όKҐ",39,"m",39405,"",9430
2025,7,"s撬","όKҐ",39,"m",39410,"",7191
2025,7,"s撬","όKҐ",39,"m",39411,"Ö쒬",16118
2025,7,"s撬","όKҐ",39,"m",39412,"l\",68765
2025,7,"s撬","όKҐ",39,"m",39424,"匎",10177
2025,7,"s撬","όKҐ",39,"m",39427,"O",148
2025,7,"s撬","όKҐ",39,"m",39428,"",33681
2025,7,"s撬","όKҐ",40,"",40101,"kBsi",44788
2025,7,"s撬","όKҐ",40,"",40103,"kBsᏼ",12728
2025,7,"s撬","όKҐ",40,"",40105,"kBs˔",7410
2025,7,"s撬","όKҐ",40,"",40106,"kBsqk",226568
2025,7,"s撬","όKҐ",40,"",40107,"kBsq",164774
2025,7,"s撬","όKҐ",40,"",40108,"kBs",39596
2025,7,"s撬","όKҐ",40,"",40109,"kBs",20197
2025,7,"s撬","όKҐ",40,"",40131,"s",217240
2025,7,"s撬","όKҐ",40,"",40132,"s",1205703
2025,7,"s撬","όKҐ",40,"",40133,"s",1245254
2025,7,"s撬","όKҐ",40,"",40134,"s",47851
2025,7,"s撬","όKҐ",40,"",40135,"s",103499
2025,7,"s撬","όKҐ",40,"",40136,"s",14091
2025,7,"s撬","όKҐ",40,"",40137,"sǋ",117803
2025,7,"s撬","όKҐ",40,"",40202,"喴cs",40091
2025,7,"s撬","όKҐ",40,"",40203,"vĎs",176038
2025,7,"s撬","όKҐ",40,"",40204,"s",12038
2025,7,"s撬","όKҐ",40,"",40205,"ђˎs",110748
2025,7,"s撬","όKҐ",40,"",40206,"cs",8980
2025,7,"s撬","όKҐ",40,"",40207,"s",12325
2025,7,"s撬","όKҐ",40,"",40210,"s",75020
2025,7,"s撬","όKҐ",40,"",40211,"}s",53437
2025,7,"s撬","όKҐ",40,"",40212,"s",8850
2025,7,"s撬","όKҐ",40,"",40213,"ss",9423
2025,7,"s撬","όKҐ",40,"",40214,"LOs",40684
2025,7,"s撬","όKҐ",40,"",40215,"Ԏs",1036
2025,7,"s撬","όKҐ",40,"",40216,"Ss",145387
2025,7,"s撬","όKҐ",40,"",40217,"}s",139079
2025,7,"s撬","όKҐ",40,"",40218,"ts",170
2025,7,"s撬","όKҐ",40,"",40219,"s",8543
2025,7,"s撬","όKҐ",40,"",40220,"@s",68755
2025,7,"s撬","όKҐ",40,"",40221,"ɕ{s",157478
2025,7,"s撬","όKҐ",40,"",40223,"És",324603
2025,7,"s撬","όKҐ",40,"",40224,"Îs",55339
2025,7,"s撬","όKҐ",40,"",40225,"͎s",99949
2025,7,"s撬","όKҐ",40,"",40226,"{s",71992
2025,7,"s撬","όKҐ",40,"",40227,"Ös",25826
2025,7,"s撬","όKҐ",40,"",40228,"qs",275510
2025,7,"s撬","όKҐ",40,"",40229,"݂܎s",29853
2025,7,"s撬","όKҐ",40,"",40230,"s",181459
2025,7,"s撬","όKҐ",40,"",40231,"߉ϐs",23777
2025,7,"s撬","όKҐ",40,"",40341,"F",4598
2025,7,"s撬","όKҐ",40,"",40342,"I",22389
2025,7,"s撬","όKҐ",40,"",40343,"uƒ",690
2025,7,"s撬","όKҐ",40,"",40344,"{b",1974
2025,7,"s撬","όKҐ",40,"",40345,"V{",26392
2025,7,"s撬","όKҐ",40,"",40348,"vR",2587
2025,7,"s撬","όKҐ",40,"",40349,"",4482
2025,7,"s撬","όKҐ",40,"",40381,"",36622
2025,7,"s撬","όKҐ",40,"",40382,"",5111
2025,7,"s撬","όKҐ",40,"",40383,"_",4756
2025,7,"s撬","όKҐ",40,"",40384,"꒬",6662
2025,7,"s撬","όKҐ",40,"",40401,"|",3873
2025,7,"s撬","όKҐ",40,"",40402,"Ǝ蒬",9128
2025,7,"s撬","όKҐ",40,"",40421,"j쒬",9827
2025,7,"s撬","όKҐ",40,"",40447,"}O",18774
2025,7,"s撬","όKҐ",40,"",40448,"",1779
2025,7,"s撬","όKҐ",40,"",40503,"品",3730
2025,7,"s撬","όKҐ",40,"",40522,"ؒ",11140
2025,7,"s撬","όKҐ",40,"",40544,"L쒬",3268
2025,7,"s撬","όKҐ",40,"",40601,"t",20994
2025,7,"s撬","όKҐ",40,"",40602,"Yc",24832
2025,7,"s撬","όKҐ",40,"",40604,"c",247
2025,7,"s撬","όKҐ",40,"",40605,"蒬",9503
2025,7,"s撬","όKҐ",40,"",40608,"C",40854
2025,7,"s撬","όKҐ",40,"",40609,"ԑ",8031
2025,7,"s撬","όKҐ",40,"",40610,"q",10684
2025,7,"s撬","όKҐ",40,"",40621,"c",5479
2025,7,"s撬","όKҐ",40,"",40625,"݂₱",15383
2025,7,"s撬","όKҐ",40,"",40642,"gx",420
2025,7,"s撬","όKҐ",40,"",40646,"ђ",9261
2025,7,"s撬","όKҐ",40,"",40647,"z㒬",21436
2025,7,"s撬","όKҐ",41,"ꌧ",41201,"s",871575
2025,7,"s撬","όKҐ",41,"ꌧ",41202,"Îs",351341
2025,7,"s撬","όKҐ",41,"ꌧ",41203,"s",433426
2025,7,"s撬","όKҐ",41,"ꌧ",41204,"vs",28791
2025,7,"s撬","όKҐ",41,"ꌧ",41205,"ɖs",155960
2025,7,"s撬","όKҐ",41,"ꌧ",41206,"Ys",173082
2025,7,"s撬","όKҐ",41,"ꌧ",41207,"s",60709
2025,7,"s撬","όKҐ",41,"ꌧ",41208,"s",34460
2025,7,"s撬","όKҐ",41,"ꌧ",41209,"s",115087
2025,7,"s撬","όKҐ",41,"ꌧ",41210,"_s",20803
2025,7,"s撬","όKҐ",41,"ꌧ",41327,"g샖",65869
2025,7,"s撬","όKҐ",41,"ꌧ",41341,"R",21719
2025,7,"s撬","όKҐ",41,"ꌧ",41345,"",7604
2025,7,"s撬","όKҐ",41,"ꌧ",41346,"݂₫",14502
2025,7,"s撬","όKҐ",41,"ꌧ",41387,"C",22084
2025,7,"s撬","όKҐ",41,"ꌧ",41401,"Lc",35090
2025,7,"s撬","όKҐ",41,"ꌧ",41423,"咬",8631
2025,7,"s撬","όKҐ",41,"ꌧ",41424,"]k",26574
2025,7,"s撬","όKҐ",41,"ꌧ",41425,"Β",44662
2025,7,"s撬","όKҐ",41,"ꌧ",41441,"ǒ",41399
2025,7,"s撬","όKҐ",42,"茧",42201,"s",497079
2025,7,"s撬","όKҐ",42,"茧",42202,"ێs",252580
2025,7,"s撬","όKҐ",42,"茧",42203,"s",39069
2025,7,"s撬","όKҐ",42,"茧",42204,"|s",43384
2025,7,"s撬","όKҐ",42,"茧",42205,"呺s",341354
2025,7,"s撬","όKҐ",42,"茧",42207,"ˎs",52024
2025,7,"s撬","όKҐ",42,"茧",42208,"Ys",34072
2025,7,"s撬","όKҐ",42,"茧",42209,"Δns",23009
2025,7,"s撬","όKҐ",42,"茧",42210,"s",36160
2025,7,"s撬","όKҐ",42,"茧",42211,"ܓs",25164
2025,7,"s撬","όKҐ",42,"茧",42212,"Cs",40145
2025,7,"s撬","όKҐ",42,"茧",42213,"_s",63502
2025,7,"s撬","όKҐ",42,"茧",42214,"쓇s",34670
2025,7,"s撬","όKҐ",42,"茧",42307,"^",4642
2025,7,"s撬","όKҐ",42,"茧",42308,"Ò",1050
2025,7,"s撬","όKҐ",42,"茧",42321,"ދn",30830
2025,7,"s撬","όKҐ",42,"茧",42322,"I",3204
2025,7,"s撬","όKҐ",42,"茧",42323,"g",18321
2025,7,"s撬","όKҐ",42,"茧",42383,"l꒬",7256
2025,7,"s撬","όKҐ",42,"茧",42391,"X",1131
2025,7,"s撬","όKҐ",42,"茧",42411,"Vܓ",30418
2025,7,"s撬","όKҐ",43,"F{",43101,"F{s",162636
2025,7,"s撬","όKҐ",43,"F{",43102,"F{s",57121
2025,7,"s撬","όKҐ",43,"F{",43103,"F{s",9812
2025,7,"s撬","όKҐ",43,"F{",43104,"F{s",13768
2025,7,"s撬","όKҐ",43,"F{",43105,"F{sk",24212
2025,7,"s撬","όKҐ",43,"F{",43202,"s",52921
2025,7,"s撬","όKҐ",43,"F{",43203,"lgs",33394
2025,7,"s撬","όKҐ",43,"F{",43204,"rs",42868
2025,7,"s撬","όKҐ",43,"F{",43205,"s",31079
2025,7,"s撬","όKҐ",43,"F{",43206,"ʖs",31355
2025,7,"s撬","όKҐ",43,"F{",43208,"Rs",82955
2025,7,"s撬","όKҐ",43,"F{",43210,"ers",97570
2025,7,"s撬","όKҐ",43,"F{",43211,"Fys",41785
2025,7,"s撬","όKҐ",43,"F{",43212,"Vs",51816
2025,7,"s撬","όKҐ",43,"F{",43213,"Fs",54628
2025,7,"s撬","όKҐ",43,"F{",43214,"hs",120382
2025,7,"s撬","όKҐ",43,"F{",43215,"Vs",71610
2025,7,"s撬","όKҐ",43,"F{",43216,"us",6605
2025,7,"s撬","όKҐ",43,"F{",43348,"",13053
2025,7,"s撬","όKҐ",43,"F{",43364,"ʓ",715
2025,7,"s撬","όKҐ",43,"F{",43367,"֒",815
2025,7,"s撬","όKҐ",43,"F{",43368,"F",6567
2025,7,"s撬","όKҐ",43,"F{",43369,"a",16698
2025,7,"s撬","όKҐ",43,"F{",43403,"Ò",65216
2025,7,"s撬","όKҐ",43,"F{",43404,"ez",9063
2025,7,"s撬","όKҐ",43,"F{",43423,"쏬",4948
2025,7,"s撬","όKҐ",43,"F{",43424,"",32111
2025,7,"s撬","όKҐ",43,"F{",43425,"YR",5262
2025,7,"s撬","όKҐ",43,"F{",43428,"X",25864
2025,7,"s撬","όKҐ",43,"F{",43432,"",18029
2025,7,"s撬","όKҐ",43,"F{",43433,"숢h",173712
2025,7,"s撬","όKҐ",43,"F{",43441,"D",7399
2025,7,"s撬","όKҐ",43,"F{",43442,"Ó",19794
2025,7,"s撬","όKҐ",43,"F{",43443,"v钬",8456
2025,7,"s撬","όKҐ",43,"F{",43444,"b",5424
2025,7,"s撬","όKҐ",43,"F{",43447,"Rs",28586
2025,7,"s撬","όKҐ",43,"F{",43468,"X쒬",7038
2025,7,"s撬","όKҐ",43,"F{",43482,"k",45843
2025,7,"s撬","όKҐ",43,"F{",43484,"Óޖؒ",2675
2025,7,"s撬","όKҐ",43,"F{",43501,"ђ",10683
2025,7,"s撬","όKҐ",43,"F{",43505,"ǖؒ",595
2025,7,"s撬","όKҐ",43,"F{",43506,"O",4868
2025,7,"s撬","όKҐ",43,"F{",43507,"㑺",1635
2025,7,"s撬","όKҐ",43,"F{",43510,"Ǒ",1272
2025,7,"s撬","όKҐ",43,"F{",43511,"ܖؑ",15190
2025,7,"s撬","όKҐ",43,"F{",43512,"R]",2293
2025,7,"s撬","όKҐ",43,"F{",43513,"",972
2025,7,"s撬","όKҐ",43,"F{",43514,"蒬",724
2025,7,"s撬","όKҐ",43,"F{",43531,"k",11849
2025,7,"s撬","όKҐ",44,"啪",44201,"啪s",310398
2025,7,"s撬","όKҐ",44,"啪",44202,"ʕ{s",241129
2025,7,"s撬","όKҐ",44,"啪",44203,"Îs",63687
2025,7,"s撬","όKҐ",44,"啪",44204,"cs",124403
2025,7,"s撬","όKҐ",44,"啪",44205,"s",53992
2025,7,"s撬","όKҐ",44,"啪",44206,"Pns",8368
2025,7,"s撬","όKҐ",44,"啪",44207,"Ëvs",5854
2025,7,"s撬","όKҐ",44,"啪",44208,"|cs",123085
2025,7,"s撬","όKҐ",44,"啪",44209,"L㍂cs",11051
2025,7,"s撬","όKҐ",44,"啪",44210,"nzs",23515
2025,7,"s撬","όKҐ",44,"啪",44211,"Fs",35173
2025,7,"s撬","όKҐ",44,"啪",44212,"Ls",45300
2025,7,"s撬","όKҐ",44,"啪",44213,"Rzs",46718
2025,7,"s撬","όKҐ",44,"啪",44214,"s",17867
2025,7,"s撬","όKҐ",44,"啪",44322,"P",1453
2025,7,"s撬","όKҐ",44,"啪",44341,"o",34143
2025,7,"s撬","όKҐ",44,"啪",44461,"d",25254
2025,7,"s撬","όKҐ",44,"啪",44462,"쒬",39942
2025,7,"s撬","όKҐ",45,"{茧",45201,"{s",211091
2025,7,"s撬","όKҐ",45,"{茧",45202,"ss",143692
2025,7,"s撬","όKҐ",45,"{茧",45203,"s",103420
2025,7,"s撬","όKҐ",45,"{茧",45204,"s",31211
2025,7,"s撬","όKҐ",45,"{茧",45205,"юs",17295
2025,7,"s撬","όKҐ",45,"{茧",45206,"s",55884
2025,7,"s撬","όKҐ",45,"{茧",45207,"Ԏs",21108
2025,7,"s撬","όKҐ",45,"{茧",45208,"ss",30618
2025,7,"s撬","όKҐ",45,"{茧",45209,"т̎s",42154
2025,7,"s撬","όKҐ",45,"{茧",45341,"OҒ",1633
2025,7,"s撬","όKҐ",45,"{茧",45361,"",5112
2025,7,"s撬","όKҐ",45,"{茧",45382,"x",883
2025,7,"s撬","όKҐ",45,"{茧",45383,"",9025
2025,7,"s撬","όKҐ",45,"{茧",45401,"璬",2247
2025,7,"s撬","όKҐ",45,"{茧",45402,"Vx",15765
2025,7,"s撬","όKҐ",45,"{茧",45403,"ėǑ",9619
2025,7,"s撬","όKҐ",45,"{茧",45404,"؏钬",5711
2025,7,"s撬","όKҐ",45,"{茧",45405,"쒬",69918
2025,7,"s撬","όKҐ",45,"{茧",45406,"s_",23657
2025,7,"s撬","όKҐ",45,"{茧",45421,"쒬",7299
2025,7,"s撬","όKҐ",45,"{茧",45429,"ˑ",96
2025,7,"s撬","όKҐ",45,"{茧",45430,"ŗt",3428
2025,7,"s撬","όKҐ",45,"{茧",45431,"",6495
2025,7,"s撬","όKҐ",45,"{茧",45441,"䒬",62727
2025,7,"s撬","όKҐ",45,"{茧",45442,"Ve",28424
2025,7,"s撬","όKҐ",45,"{茧",45443,"܃",5649
2025,7,"s撬","όKҐ",46,"",46201,"s",600733
2025,7,"s撬","όKҐ",46,"",46203,"s",35976
2025,7,"s撬","όKҐ",46,"",46204,"s",21749
2025,7,"s撬","όKҐ",46,"",46206,"vs",17580
2025,7,"s撬","όKҐ",46,"",46208,"os",23056
2025,7,"s撬","όKҐ",46,"",46210,"whs",87616
2025,7,"s撬","όKҐ",46,"",46213,"V\s",28997
2025,7,"s撬","όKҐ",46,"",46214,"s",50535
2025,7,"s撬","όKҐ",46,"",46215,"Fs",46296
2025,7,"s撬","όKҐ",46,"",46216,"us",41157
2025,7,"s撬","όKҐ",46,"",46217,"]s",30637
2025,7,"s撬","όKҐ",46,"",46218,"s",189635
2025,7,"s撬","όKҐ",46,"",46219,"ؖs",26709
2025,7,"s撬","όKҐ",46,"",46220,"삳܎s",29002
2025,7,"s撬","όKҐ",46,"",46221,"uzus",16316
2025,7,"s撬","όKҐ",46,"",46222,"s",38163
2025,7,"s撬","όKҐ",46,"",46223,"Bs",58348
2025,7,"s撬","όKҐ",46,"",46224,"ɍs",23483
2025,7,"s撬","όKҐ",46,"",46225,"ǎs",22111
2025,7,"s撬","όKҐ",46,"",46303,"O",95
2025,7,"s撬","όKҐ",46,"",46392,"ܒ",14297
2025,7,"s撬","όKҐ",46,"",46404,"",17081
2025,7,"s撬","όKҐ",46,"",46452,"N",26797
2025,7,"s撬","όKҐ",46,"",46468,"蒬",12415
2025,7,"s撬","όKҐ",46,"",46482,"ǒ",1497
2025,7,"s撬","όKҐ",46,"",46490,"э]",3776
2025,7,"s撬","όKҐ",46,"",46491,"",11691
2025,7,"s撬","όKҐ",46,"",46492,"̕t",4691
2025,7,"s撬","όKҐ",46,"",46501,"q",4487
2025,7,"s撬","όKҐ",46,"",46502,"q",14386
2025,7,"s撬","όKҐ",46,"",46505,"v",37869
2025,7,"s撬","όKҐ",46,"",46523,"a",4312
2025,7,"s撬","όKҐ",46,"",46524,"F",573
2025,7,"s撬","όKҐ",46,"",46525,"˓",9319
2025,7,"s撬","όKҐ",46,"",46527,"",11653
2025,7,"s撬","όKҐ",46,"",46529,"E",846
2025,7,"s撬","όKҐ",46,"",46530,"V",3325
2025,7,"s撬","όKҐ",46,"",46531,"V钬",9463
2025,7,"s撬","όKҐ",46,"",46532,"ɐ咬",2017
2025,7,"s撬","όKҐ",46,"",46533,"a",5402
2025,7,"s撬","όKҐ",46,"",46534,"m",1072
2025,7,"s撬","όKҐ",46,"",46535,"^_",2161
2025,7,"s撬","όKҐ",47,"ꌧ",47201,"ߔes",1487024
2025,7,"s撬","όKҐ",47,"ꌧ",47205,"Xps",49570
2025,7,"s撬","όKҐ",47,"ꌧ",47207,"Ί_s",259546
2025,7,"s撬","όKҐ",47,"ꌧ",47208,"YYs",13066
2025,7,"s撬","όKҐ",47,"ꌧ",47209,"s",216651
2025,7,"s撬","όKҐ",47,"ꌧ",47210,"s",82203
2025,7,"s撬","όKҐ",47,"ꌧ",47211,"s",43209
2025,7,"s撬","όKҐ",47,"ꌧ",47212,"Ls",147111
2025,7,"s撬","όKҐ",47,"ꌧ",47213,"܎s",66056
2025,7,"s撬","όKҐ",47,"ꌧ",47214,"{Ós",231827
2025,7,"s撬","όKҐ",47,"ꌧ",47215,"s",61151
2025,7,"s撬","όKҐ",47,"ꌧ",47301,"",27703
2025,7,"s撬","όKҐ",47,"ꌧ",47302,"X",20078
2025,7,"s撬","όKҐ",47,"ꌧ",47303,"",10349
2025,7,"s撬","όKҐ",47,"ꌧ",47306,"Am",64003
2025,7,"s撬","όKҐ",47,"ꌧ",47308,"{",213497
2025,7,"s撬","όKҐ",47,"ꌧ",47311,"[",151326
2025,7,"s撬","όKҐ",47,"ꌧ",47313,"X",28393
2025,7,"s撬","όKҐ",47,"ꌧ",47314,"",10520
2025,7,"s撬","όKҐ",47,"ꌧ",47315,"ɍ]",6950
2025,7,"s撬","όKҐ",47,"ꌧ",47324,"ǒJ",60117
2025,7,"s撬","όKҐ",47,"ꌧ",47325,"Î[",19222
2025,7,"s撬","όKҐ",47,"ꌧ",47326,"kJ",133584
2025,7,"s撬","όKҐ",47,"ꌧ",47327,"k鑺",78355
2025,7,"s撬","όKҐ",47,"ꌧ",47328,"鑺",3432
2025,7,"s撬","όKҐ",47,"ꌧ",47329,"",3792
2025,7,"s撬","όKҐ",47,"ꌧ",47348,"^ߌ",1961
2025,7,"s撬","όKҐ",47,"ꌧ",47350,"앗",23690
2025,7,"s撬","όKҐ",47,"ꌧ",47353,"nÕ~",8276
2025,7,"s撬","όKҐ",47,"ꌧ",47354,"Ԗ",14782
2025,7,"s撬","όKҐ",47,"ꌧ",47355,"",785
2025,7,"s撬","όKҐ",47,"ꌧ",47356,"n쑺",1759
2025,7,"s撬","όKҐ",47,"ꌧ",47357,"哌",4693
2025,7,"s撬","όKҐ",47,"ꌧ",47359,"ɕ",4548
2025,7,"s撬","όKҐ",47,"ꌧ",47360,"ɐ",5987
2025,7,"s撬","όKҐ",47,"ꌧ",47361,"vē",19622
2025,7,"s撬","όKҐ",47,"ꌧ",47362,"d",13703
2025,7,"s撬","όKҐ",47,"ꌧ",47375,"Ǌԑ",3196
2025,7,"s撬","όKҐ",47,"ꌧ",47381,"|x",59811
2025,7,"s撬","όKҐ",47,"ꌧ",47382,"^ߍ",11450
